PassengerId,Transported,TransportedProb
0013_01,True,0.76
0018_01,False,0.0
0019_01,True,1.0
0021_01,True,1.0
0023_01,True,0.56
0027_01,True,0.6799999999999999
0029_01,True,1.0
0032_01,True,1.0
0032_02,True,1.0
0033_01,True,0.8799999999999999
0037_01,False,0.0
0040_01,False,0.0
0040_02,True,1.0
0042_01,False,0.46909090909090906
0046_01,False,0.0
0046_02,False,0.0
0046_03,False,0.0
0047_01,True,1.0
0047_02,True,1.0
0047_03,False,0.0
0048_01,True,0.56
0049_01,False,0.0
0054_01,True,1.0
0054_02,True,1.0
0054_03,True,1.0
0055_01,False,0.0
0057_01,True,1.0
0059_01,True,0.8799999999999999
0060_01,False,0.43272727272727274
0063_01,True,1.0
0065_01,True,0.76
0075_01,False,0.0
0079_01,True,0.76
0080_01,False,0.0
0083_01,False,0.0
0087_01,False,0.0
0089_01,True,1.0
0093_01,True,0.6072727272727273
0094_01,True,0.8799999999999999
0094_02,False,0.0
0095_01,True,1.0
0096_01,False,0.0
0100_01,True,0.6072727272727273
0100_02,False,0.29454545454545455
0104_01,False,0.0
0106_01,True,1.0
0109_01,False,0.0
0117_01,False,0.0
0118_01,False,0.0
0121_01,False,0.0
0124_01,True,1.0
0125_01,True,1.0
0125_02,False,0.0
0130_01,True,1.0
0131_01,True,0.56
0132_01,True,1.0
0135_01,False,0.0
0137_01,True,0.76
0142_01,True,1.0
0142_02,False,0.0
0142_03,True,1.0
0143_01,True,1.0
0145_01,False,0.0
0150_01,True,1.0
0150_02,True,1.0
0153_01,False,0.0
0154_01,True,1.0
0155_01,False,0.0
0156_01,True,0.9818181818181817
0157_01,False,0.0
0158_01,False,0.0
0158_02,True,0.8799999999999999
0159_01,False,0.0
0161_01,False,0.0
0162_01,True,1.0
0166_01,True,0.8799999999999999
0168_01,True,1.0
0175_01,True,1.0
0175_02,True,0.7454545454545455
0175_03,True,1.0
0175_04,True,0.5418181818181818
0175_05,False,0.0
0176_01,False,0.0
0180_01,False,0.0
0184_01,False,0.0
0185_01,True,1.0
0187_01,True,1.0
0191_01,False,0.0
0194_01,True,1.0
0194_02,True,1.0
0194_03,False,0.0
0204_01,False,0.0
0208_01,False,0.0
0209_01,False,0.0
0214_01,False,0.0
0214_02,False,0.0
0215_01,True,0.5418181818181818
0218_01,False,0.0
0226_01,True,1.0
0227_01,False,0.15636363636363637
0228_01,True,1.0
0228_02,True,1.0
0228_03,True,1.0
0228_04,False,0.0
0230_01,True,1.0
0230_02,False,0.0
0235_01,True,0.6799999999999999
0236_01,True,1.0
0238_01,False,0.0
0247_01,True,1.0
0247_02,True,1.0
0249_01,False,0.0
0256_01,True,0.56
0259_01,True,1.0
0262_01,False,0.0
0264_01,True,1.0
0264_02,True,1.0
0264_03,False,0.0
0266_01,False,0.0
0266_02,False,0.0
0268_01,False,0.0
0268_02,False,0.0
0271_01,False,0.0
0272_01,False,0.0
0273_01,True,1.0
0273_02,True,1.0
0273_03,False,0.0
0274_01,False,0.0
0274_02,True,0.6618181818181819
0276_01,False,0.0
0276_02,True,1.0
0279_01,False,0.0
0280_01,False,0.3781818181818182
0284_01,True,0.6618181818181819
0292_01,False,0.0
0293_01,True,1.0
0295_01,True,0.6436363636363637
0296_01,False,0.0
0299_01,False,0.0
0300_01,False,0.0
0308_01,True,1.0
0311_01,False,0.12
0312_01,True,0.8
0317_01,False,0.0
0318_01,True,1.0
0319_01,False,0.0
0319_02,True,1.0
0323_01,True,1.0
0325_01,False,0.12
0328_01,True,0.7636363636363637
0329_01,True,1.0
0332_01,True,0.8
0335_01,False,0.09090909090909091
0339_01,False,0.0
0339_02,False,0.0
0339_03,False,0.0
0339_04,True,0.9636363636363636
0339_05,True,1.0
0339_06,False,0.0
0339_07,False,0.0
0339_08,False,0.0
0342_01,True,0.9454545454545455
0342_02,True,1.0
0344_01,True,1.0
0344_02,False,0.0
0349_01,False,0.0
0349_02,True,1.0
0349_03,False,0.0
0349_04,True,1.0
0349_05,False,0.0
0349_06,False,0.0
0351_01,True,1.0
0353_01,True,1.0
0353_02,True,1.0
0354_01,False,0.31272727272727274
0362_01,True,1.0
0363_01,False,0.0
0363_02,True,0.8799999999999999
0363_03,True,1.0
0364_01,False,0.13818181818181818
0364_02,False,0.0
0366_01,True,0.76
0367_01,False,0.0
0374_01,False,0.0
0374_02,False,0.0
0386_01,False,0.0
0390_01,True,0.8
0393_01,False,0.0
0394_01,True,0.8
0399_01,True,0.8799999999999999
0400_01,True,1.0
0404_01,True,1.0
0406_01,False,0.0
0414_01,False,0.0
0416_01,False,0.0
0418_01,False,0.0
0419_01,False,0.0
0419_02,True,1.0
0419_03,True,1.0
0420_01,False,0.0
0421_01,True,1.0
0422_01,False,0.0
0424_01,False,0.0
0426_01,False,0.0
0440_01,False,0.0
0443_01,False,0.09090909090909091
0450_01,False,0.0
0451_01,True,1.0
0455_01,False,0.2109090909090909
0464_01,True,0.76
0467_01,True,1.0
0467_02,True,1.0
0467_03,True,1.0
0467_04,True,1.0
0469_01,False,0.2581818181818182
0473_01,False,0.0
0478_01,False,0.0
0478_02,True,1.0
0479_01,True,1.0
0483_01,True,1.0
0483_02,True,1.0
0484_01,True,1.0
0486_01,False,0.4872727272727273
0489_01,False,0.2109090909090909
0489_02,True,1.0
0491_01,True,0.6799999999999999
0492_01,False,0.0
0493_01,True,0.64
0494_01,True,1.0
0494_02,True,0.76
0495_01,True,0.6218181818181818
0495_02,True,0.76
0495_03,True,0.6036363636363637
0495_04,False,0.03636363636363637
0495_05,False,0.0
0495_06,False,0.03636363636363637
0496_01,True,1.0
0496_02,True,1.0
0497_01,True,1.0
0505_01,False,0.0
0508_01,False,0.0
0509_01,True,1.0
0511_01,False,0.0
0514_01,True,0.5418181818181818
0524_01,True,1.0
0526_01,True,0.6799999999999999
0530_01,False,0.0
0530_02,False,0.0
0530_03,True,1.0
0532_01,False,0.0
0532_02,True,1.0
0535_01,False,0.0
0536_01,False,0.0
0536_02,False,0.0
0541_01,True,1.0
0543_01,True,0.5418181818181818
0544_01,True,1.0
0554_01,False,0.0
0557_01,True,1.0
0557_02,True,1.0
0558_01,True,1.0
0562_01,True,0.5418181818181818
0562_02,True,1.0
0574_01,False,0.0
0578_01,True,0.8799999999999999
0578_02,False,0.15636363636363637
0584_01,True,1.0
0584_02,False,0.0
0592_01,True,0.6799999999999999
0595_01,True,0.76
0601_01,False,0.0
0604_01,True,0.7454545454545455
0605_01,False,0.0
0606_01,True,1.0
0613_01,True,1.0
0613_02,True,1.0
0616_01,False,0.0
0617_01,False,0.0
0620_01,False,0.0
0620_02,True,1.0
0620_03,True,1.0
0621_01,False,0.0
0622_01,False,0.0
0624_01,True,1.0
0625_01,True,1.0
0625_02,True,1.0
0625_03,True,1.0
0626_01,True,1.0
0626_02,True,1.0
0626_03,True,1.0
0627_01,True,1.0
0632_01,False,0.0
0632_02,True,0.9818181818181817
0632_03,True,1.0
0640_01,True,1.0
0640_02,True,1.0
0648_01,False,0.0
0648_02,False,0.0
0649_01,False,0.0
0651_01,True,1.0
0652_01,True,0.8799999999999999
0652_02,False,0.03636363636363637
0652_03,False,0.2109090909090909
0652_04,False,0.0
0652_05,True,1.0
0654_01,False,0.19272727272727275
0662_01,False,0.0
0666_01,True,0.76
0666_02,True,1.0
0667_01,False,0.0
0670_01,False,0.0
0670_02,False,0.0
0673_01,True,1.0
0675_01,True,0.6509090909090909
0676_01,True,0.6799999999999999
0681_01,True,0.8
0692_01,True,1.0
0694_01,True,0.76
0695_01,True,1.0
0698_01,False,0.0
0700_01,False,0.0
0706_01,True,1.0
0708_01,True,1.0
0708_02,True,1.0
0711_01,False,0.0
0716_01,False,0.0
0717_01,True,1.0
0717_02,False,0.0
0717_03,True,1.0
0717_04,True,1.0
0717_05,False,0.0
0717_06,False,0.0
0717_07,True,1.0
0720_01,True,1.0
0720_02,False,0.07272727272727274
0720_03,False,0.0
0721_01,True,0.6799999999999999
0722_01,False,0.0
0723_01,False,0.0
0725_01,True,1.0
0730_01,True,1.0
0731_01,False,0.0
0731_02,False,0.0
0735_01,False,0.0
0739_01,True,1.0
0741_01,True,1.0
0742_01,True,0.5236363636363637
0742_02,True,1.0
0744_01,True,1.0
0745_01,False,0.0
0747_01,False,0.0
0748_01,True,1.0
0748_02,False,0.0
0749_01,True,1.0
0751_01,True,1.0
0752_01,True,0.64
0755_01,True,1.0
0758_01,True,1.0
0758_02,True,1.0
0758_03,False,0.0
0759_01,True,1.0
0759_02,False,0.0
0759_03,True,1.0
0760_01,False,0.0
0763_01,True,1.0
0763_02,False,0.0
0766_01,True,1.0
0774_01,True,1.0
0774_02,False,0.0
0774_03,True,1.0
0775_01,True,1.0
0775_02,True,1.0
0775_03,True,1.0
0775_04,False,0.0
0775_05,True,1.0
0775_06,True,1.0
0778_01,True,1.0
0778_02,True,1.0
0780_01,True,1.0
0783_01,False,0.0
0792_01,True,1.0
0800_01,False,0.0
0801_01,True,1.0
0803_01,False,0.4872727272727273
0804_01,True,1.0
0807_01,False,0.0
0810_01,False,0.0
0812_01,True,0.8799999999999999
0814_01,False,0.0
0821_01,True,1.0
0827_01,False,0.0
0827_02,True,0.9818181818181817
0827_03,True,1.0
0831_01,False,0.0
0832_01,True,1.0
0837_01,True,1.0
0837_02,False,0.0
0838_01,False,0.2109090909090909
0838_02,False,0.0
0841_01,False,0.0
0842_01,False,0.05454545454545454
0843_01,True,1.0
0844_01,True,1.0
0847_01,False,0.0
0852_01,True,1.0
0854_01,True,0.8799999999999999
0855_01,True,1.0
0856_01,False,0.0
0857_01,True,1.0
0858_01,False,0.0
0858_02,True,1.0
0861_01,False,0.018181818181818184
0862_01,True,0.8
0864_01,False,0.0
0864_02,True,1.0
0864_03,True,1.0
0866_01,True,1.0
0872_01,False,0.0
0880_01,True,1.0
0880_02,False,0.2109090909090909
0882_01,True,1.0
0884_01,False,0.0
0884_02,True,1.0
0886_01,False,0.0
0886_02,True,1.0
0886_03,True,1.0
0887_01,False,0.0
0887_02,False,0.0
0888_01,False,0.0
0888_02,False,0.27636363636363637
0891_01,True,1.0
0892_01,True,1.0
0892_02,True,1.0
0892_03,True,1.0
0894_01,True,1.0
0895_01,False,0.49818181818181817
0896_01,False,0.41454545454545455
0897_01,True,1.0
0897_02,True,1.0
0900_01,True,1.0
0908_01,True,0.76
0909_01,False,0.0
0909_02,True,1.0
0909_03,True,1.0
0914_01,False,0.0
0916_01,False,0.0
0917_01,True,1.0
0920_01,False,0.0
0929_01,False,0.0
0934_01,False,0.0
0936_01,False,0.0
0937_01,False,0.09090909090909091
0943_01,True,1.0
0943_02,True,1.0
0943_03,False,0.0
0945_01,False,0.0
0945_02,False,0.0
0948_01,False,0.0
0950_01,True,1.0
0954_01,False,0.0
0958_01,False,0.0
0959_01,False,0.13818181818181818
0962_01,True,1.0
0963_01,True,1.0
0967_01,False,0.0
0973_01,False,0.0
0974_01,False,0.0
0977_01,True,1.0
0980_01,False,0.0
0981_01,False,0.0
0981_02,True,0.8799999999999999
0986_01,False,0.0
0986_02,True,1.0
0996_01,False,0.0
0999_01,True,1.0
0999_02,False,0.39636363636363636
1003_01,False,0.0
1007_01,False,0.0
1009_01,False,0.0
1010_01,True,1.0
1016_01,False,0.0
1021_01,False,0.17454545454545453
1023_01,True,1.0
1028_01,True,0.76
1037_01,True,0.8799999999999999
1039_01,False,0.0
1042_01,False,0.0
1044_01,True,1.0
1050_01,True,1.0
1055_01,False,0.13818181818181818
1059_01,True,1.0
1059_02,True,1.0
1061_01,True,1.0
1064_01,True,0.5054545454545455
1064_02,True,0.9454545454545455
1067_01,False,0.0
1069_01,True,1.0
1070_01,True,0.7818181818181817
1072_01,False,0.4872727272727273
1072_02,False,0.018181818181818184
1072_03,False,0.0
1072_04,False,0.0
1072_05,False,0.0
1072_06,False,0.0
1072_07,True,1.0
1072_08,False,0.27636363636363637
1073_01,False,0.0
1074_01,True,0.8799999999999999
1074_02,True,1.0
1081_01,True,0.7454545454545455
1087_01,True,0.6618181818181819
1090_01,True,1.0
1090_02,False,0.0
1092_01,True,1.0
1098_01,False,0.0
1101_01,True,0.5054545454545455
1103_01,False,0.0
1104_01,True,1.0
1106_01,False,0.0
1106_02,True,1.0
1107_01,False,0.0
1109_01,False,0.0
1111_01,True,1.0
1111_02,True,0.76
1111_03,False,0.0
1118_01,False,0.0
1118_02,True,1.0
1118_03,True,1.0
1118_04,True,1.0
1118_05,False,0.0
1119_01,False,0.0
1119_02,True,1.0
1120_01,True,1.0
1122_01,True,1.0
1124_01,True,1.0
1124_02,True,1.0
1124_03,True,0.6509090909090909
1125_01,False,0.0
1125_02,True,1.0
1126_01,True,1.0
1128_01,True,1.0
1128_02,True,1.0
1131_01,True,1.0
1135_01,False,0.0
1135_02,True,1.0
1135_03,False,0.0
1135_04,True,1.0
1137_01,True,0.5490909090909091
1137_02,False,0.0
1138_01,True,1.0
1139_01,True,1.0
1143_01,True,1.0
1145_01,True,1.0
1145_02,False,0.13818181818181818
1145_03,False,0.0
1145_04,True,1.0
1151_01,True,0.56
1157_01,False,0.0
1158_01,False,0.09090909090909091
1158_02,False,0.46909090909090906
1159_01,True,1.0
1159_02,True,1.0
1159_03,True,1.0
1160_01,True,1.0
1164_01,False,0.0
1171_01,False,0.0
1172_01,True,1.0
1176_01,False,0.018181818181818184
1181_01,False,0.0
1183_01,True,1.0
1183_02,False,0.29454545454545455
1183_03,True,1.0
1184_01,True,1.0
1184_02,True,1.0
1189_01,False,0.0
1194_01,False,0.0
1196_01,False,0.0
1196_02,False,0.0
1200_01,True,1.0
1201_01,False,0.0
1201_02,True,1.0
1202_01,False,0.0
1204_01,True,0.7818181818181817
1205_01,False,0.0
1207_01,False,0.33090909090909093
1207_02,True,1.0
1207_03,True,1.0
1207_04,False,0.0
1209_01,False,0.0
1209_02,False,0.3672727272727273
1217_01,True,1.0
1217_02,True,1.0
1219_01,False,0.0
1219_02,True,1.0
1224_01,True,1.0
1224_02,True,1.0
1226_01,True,1.0
1226_02,True,1.0
1227_01,True,1.0
1237_01,True,0.6436363636363637
1241_01,False,0.0
1244_01,True,1.0
1245_01,True,1.0
1247_01,True,1.0
1249_01,False,0.0
1251_01,True,1.0
1252_01,False,0.0
1253_01,False,0.0
1257_01,True,1.0
1257_02,True,1.0
1257_03,True,1.0
1257_04,True,1.0
1262_01,True,1.0
1262_02,False,0.0
1265_01,True,1.0
1266_01,False,0.0
1268_01,True,1.0
1270_01,True,1.0
1272_01,False,0.0
1275_01,False,0.0
1276_01,False,0.09090909090909091
1277_01,False,0.0
1290_01,False,0.0
1296_01,False,0.0
1297_01,True,1.0
1298_01,False,0.03636363636363637
1301_01,False,0.13818181818181818
1301_02,True,1.0
1301_03,True,1.0
1303_01,True,0.5418181818181818
1305_01,True,1.0
1313_01,False,0.12
1314_01,False,0.0
1315_01,False,0.27636363636363637
1318_01,True,1.0
1319_01,False,0.0
1319_02,False,0.0
1320_01,True,1.0
1320_02,True,1.0
1320_03,True,1.0
1321_01,False,0.3854545454545455
1321_02,True,1.0
1321_03,False,0.0
1321_04,False,0.0
1327_01,True,0.8
1329_01,False,0.0
1334_01,False,0.0
1338_01,True,1.0
1338_02,True,1.0
1339_01,True,0.76
1341_01,False,0.0
1341_02,True,1.0
1341_03,True,1.0
1343_01,False,0.0
1343_02,True,0.7636363636363637
1343_03,False,0.0
1344_01,False,0.0
1346_01,False,0.0
1349_01,True,0.8799999999999999
1349_02,True,1.0
1354_01,False,0.0
1354_02,False,0.0
1354_03,True,1.0
1354_04,True,1.0
1354_05,True,1.0
1354_06,True,1.0
1354_07,True,0.5054545454545455
1358_01,True,1.0
1358_02,False,0.0
1359_01,False,0.0
1361_01,True,1.0
1361_02,False,0.0
1363_01,False,0.0
1364_01,False,0.0
1364_02,True,0.5163636363636364
1367_01,True,1.0
1369_01,False,0.3781818181818182
1369_02,True,1.0
1369_03,True,0.9818181818181817
1372_01,True,0.8
1373_01,True,0.9272727272727272
1374_01,True,1.0
1388_01,True,1.0
1392_01,False,0.03636363636363637
1394_01,True,0.8799999999999999
1396_01,False,0.0
1405_01,False,0.0
1409_01,False,0.0
1409_02,True,0.6799999999999999
1411_01,True,1.0
1418_01,False,0.13818181818181818
1422_01,True,1.0
1422_02,False,0.0
1422_03,False,0.0
1429_01,False,0.46909090909090906
1432_01,False,0.0
1432_02,False,0.0
1436_01,True,1.0
1437_01,False,0.0
1441_01,False,0.0
1446_01,False,0.0
1448_01,False,0.0
1449_01,False,0.0
1456_01,False,0.0
1459_01,False,0.0
1464_01,False,0.0
1466_01,True,0.8799999999999999
1468_01,False,0.13818181818181818
1469_01,False,0.0
1469_02,False,0.0
1470_01,True,0.6254545454545455
1471_01,True,0.7054545454545456
1471_02,True,1.0
1471_03,False,0.018181818181818184
1471_04,False,0.018181818181818184
1471_05,True,0.76
1472_01,True,1.0
1473_01,False,0.0
1473_02,False,0.0
1475_01,False,0.13818181818181818
1476_01,False,0.0
1477_01,False,0.34909090909090906
1477_02,False,0.0
1480_01,True,0.7454545454545455
1482_01,True,1.0
1483_01,False,0.2581818181818182
1486_01,True,0.8799999999999999
1487_01,True,1.0
1487_02,False,0.2581818181818182
1492_01,False,0.0
1492_02,False,0.4581818181818182
1494_01,False,0.0
1495_01,False,0.0
1495_02,True,1.0
1496_01,True,0.6254545454545455
1497_01,True,1.0
1497_02,True,1.0
1502_01,False,0.0
1502_02,True,1.0
1502_03,True,1.0
1502_04,True,1.0
1504_01,False,0.0
1505_01,False,0.0
1508_01,False,0.0
1512_01,False,0.0
1513_01,True,1.0
1514_01,True,1.0
1516_01,False,0.41454545454545455
1517_01,False,0.0
1518_01,False,0.0
1518_02,False,0.0
1519_01,False,0.0
1522_01,True,1.0
1530_01,True,1.0
1534_01,False,0.0
1534_02,False,0.0
1535_01,False,0.0
1537_01,True,1.0
1538_01,False,0.0
1538_02,False,0.0
1546_01,True,1.0
1549_01,False,0.0
1553_01,True,1.0
1553_02,False,0.0
1554_01,True,1.0
1554_02,True,0.5418181818181818
1556_01,True,1.0
1557_01,True,1.0
1559_01,True,1.0
1559_02,True,1.0
1563_01,True,1.0
1566_01,True,1.0
1570_01,False,0.0
1571_01,False,0.0
1574_01,True,0.8799999999999999
1575_01,True,1.0
1582_01,False,0.03636363636363637
1582_02,False,0.2581818181818182
1583_01,True,1.0
1586_01,False,0.0
1587_01,True,1.0
1587_02,True,1.0
1589_01,False,0.0
1591_01,False,0.0
1591_02,True,1.0
1598_01,True,1.0
1598_02,False,0.0
1600_01,False,0.0
1605_01,False,0.0
1607_01,True,1.0
1609_01,False,0.0
1610_01,True,1.0
1616_01,True,1.0
1618_01,False,0.0
1620_01,False,0.0
1623_01,False,0.0
1627_01,True,1.0
1629_01,True,1.0
1629_02,True,1.0
1629_03,True,1.0
1629_04,True,1.0
1629_05,True,1.0
1629_06,True,1.0
1639_01,False,0.0
1641_01,True,1.0
1642_01,False,0.0
1643_01,False,0.0
1648_01,True,1.0
1652_01,True,1.0
1654_01,False,0.0
1664_01,False,0.0
1665_01,True,1.0
1665_02,True,1.0
1667_01,False,0.0
1675_01,True,1.0
1678_01,False,0.0
1679_01,True,1.0
1680_01,False,0.0
1680_02,True,1.0
1683_01,False,0.0
1684_01,False,0.0
1686_01,False,0.0
1689_01,True,1.0
1689_02,True,1.0
1689_03,True,1.0
1692_01,True,1.0
1693_01,True,0.5418181818181818
1701_01,True,0.9454545454545455
1702_01,True,0.76
1703_01,False,0.0
1706_01,False,0.0
1707_01,False,0.0
1716_01,False,0.0
1720_01,False,0.0
1722_01,False,0.0
1726_01,False,0.0
1726_02,True,1.0
1726_03,False,0.0
1732_01,True,0.8254545454545454
1735_01,False,0.0
1737_01,False,0.0
1741_01,False,0.0
1741_02,True,1.0
1741_03,True,0.9454545454545455
1743_01,False,0.0
1744_01,False,0.13818181818181818
1750_01,True,1.0
1751_01,True,1.0
1751_02,True,1.0
1754_01,False,0.4872727272727273
1756_01,False,0.13818181818181818
1759_01,True,1.0
1765_01,True,0.9454545454545455
1773_01,False,0.0
1777_01,False,0.0
1777_02,True,1.0
1780_01,False,0.0
1784_01,False,0.0
1787_01,False,0.0
1788_01,False,0.0
1789_01,False,0.03636363636363637
1790_01,True,0.9454545454545455
1790_02,True,1.0
1791_01,True,1.0
1791_02,True,1.0
1793_01,False,0.0
1793_02,True,0.5236363636363637
1794_01,False,0.0
1795_01,False,0.0
1801_01,True,0.8799999999999999
1801_02,False,0.0
1809_01,True,1.0
1814_01,False,0.0
1814_02,True,1.0
1814_03,True,1.0
1815_01,True,1.0
1819_01,False,0.0
1820_01,False,0.07272727272727274
1824_01,False,0.0
1825_01,False,0.0
1825_02,False,0.0
1830_01,True,1.0
1832_01,False,0.0
1835_01,True,1.0
1835_02,True,1.0
1837_01,True,1.0
1838_01,True,1.0
1839_01,False,0.0
1840_01,True,1.0
1842_01,False,0.0
1845_01,False,0.0
1851_01,False,0.0
1851_02,True,1.0
1852_01,True,1.0
1852_02,True,1.0
1852_03,True,1.0
1852_04,True,1.0
1858_01,True,1.0
1862_01,False,0.0
1862_02,False,0.0
1862_03,True,0.6909090909090909
1867_01,True,1.0
1869_01,False,0.0
1870_01,False,0.0
1875_01,False,0.0
1876_01,False,0.0
1883_01,False,0.07272727272727274
1885_01,False,0.0
1893_01,True,1.0
1894_01,True,1.0
1895_01,False,0.0
1896_01,False,0.0
1900_01,True,0.5236363636363637
1904_01,False,0.0
1909_01,True,1.0
1909_02,True,1.0
1909_03,False,0.0
1910_01,True,1.0
1910_02,False,0.0
1910_03,False,0.0
1910_04,True,1.0
1912_01,False,0.0
1913_01,True,1.0
1913_02,True,1.0
1913_03,True,1.0
1914_01,True,0.56
1917_01,True,0.5236363636363637
1919_01,False,0.15636363636363637
1921_01,False,0.0
1921_02,False,0.0
1924_01,True,1.0
1929_01,False,0.0
1930_01,False,0.0
1932_01,False,0.0
1934_01,False,0.0
1936_01,False,0.0
1943_01,False,0.0
1944_01,False,0.0
1948_01,False,0.0
1948_02,True,1.0
1949_01,False,0.0
1951_01,True,1.0
1951_02,False,0.0
1954_01,False,0.0
1955_01,False,0.0
1958_01,False,0.0
1965_01,True,0.6799999999999999
1966_01,True,0.9636363636363636
1970_01,False,0.0
1972_01,False,0.0
1982_01,False,0.0
1986_01,True,1.0
1987_01,True,0.5236363636363637
1989_01,True,1.0
1990_01,True,1.0
1990_02,True,1.0
1998_01,False,0.0
2002_01,True,1.0
2004_01,True,0.6254545454545455
2005_01,False,0.0
2005_02,True,0.5418181818181818
2008_01,False,0.0
2014_01,True,1.0
2016_01,True,1.0
2016_02,False,0.0
2017_01,False,0.09090909090909091
2017_02,False,0.0
2018_01,True,0.56
2020_01,True,1.0
2021_01,True,0.5236363636363637
2023_01,False,0.12
2023_02,True,0.5418181818181818
2023_03,True,0.56
2025_01,False,0.0
2030_01,False,0.0
2031_01,False,0.0
2033_01,False,0.0
2035_01,False,0.0
2035_02,True,1.0
2036_01,True,1.0
2036_02,False,0.34909090909090906
2036_03,False,0.2581818181818182
2037_01,True,1.0
2037_02,False,0.0
2039_01,True,1.0
2039_02,True,1.0
2039_03,True,1.0
2047_01,True,0.5418181818181818
2048_01,True,0.6799999999999999
2049_01,True,0.56
2050_01,False,0.0
2057_01,True,1.0
2057_02,True,0.7454545454545455
2057_03,False,0.0
2057_04,False,0.43272727272727274
2057_05,False,0.46909090909090906
2058_01,False,0.0
2064_01,True,1.0
2068_01,True,1.0
2068_02,True,1.0
2068_03,True,1.0
2068_04,False,0.0
2068_05,True,1.0
2069_01,False,0.0
2072_01,False,0.0
2072_02,False,0.0
2076_01,True,1.0
2077_01,False,0.0
2078_01,True,1.0
2079_01,True,0.76
2079_02,False,0.0
2079_03,False,0.0
2093_01,False,0.0
2098_01,False,0.0
2101_01,True,1.0
2101_02,True,0.56
2103_01,False,0.0
2108_01,False,0.0
2108_02,True,0.7236363636363636
2109_01,True,0.5418181818181818
2113_01,True,1.0
2119_01,False,0.0
2119_02,True,0.5418181818181818
2122_01,True,1.0
2132_01,True,0.6799999999999999
2146_01,True,1.0
2146_02,True,1.0
2151_01,True,0.5418181818181818
2155_01,False,0.13818181818181818
2157_01,False,0.0
2160_01,False,0.0
2160_02,True,1.0
2160_03,True,1.0
2165_01,False,0.4509090909090909
2166_01,False,0.0
2169_01,False,0.0
2170_01,False,0.0
2174_01,False,0.0
2176_01,True,1.0
2178_01,False,0.0
2181_01,False,0.0
2184_01,True,1.0
2184_02,True,1.0
2185_01,True,1.0
2192_01,False,0.0
2197_01,False,0.0
2199_01,False,0.4763636363636364
2208_01,False,0.0
2213_01,False,0.0
2214_01,False,0.0
2216_01,False,0.4509090909090909
2217_01,False,0.0
2218_01,False,0.13818181818181818
2222_01,True,1.0
2226_01,False,0.0
2227_01,True,1.0
2230_01,True,0.6799999999999999
2236_01,True,1.0
2240_01,True,1.0
2240_02,False,0.0
2240_03,False,0.27636363636363637
2242_01,True,1.0
2244_01,True,0.8799999999999999
2245_01,True,1.0
2245_02,True,0.9818181818181817
2246_01,True,1.0
2246_02,False,0.0
2247_01,False,0.0
2248_01,False,0.0
2249_01,True,0.7236363636363636
2250_01,False,0.0
2259_01,True,1.0
2259_02,True,1.0
2260_01,True,1.0
2265_01,False,0.0
2271_01,False,0.0
2276_01,True,0.5418181818181818
2276_02,False,0.0
2283_01,False,0.0
2285_01,False,0.0
2286_01,False,0.0
2290_01,True,0.6799999999999999
2292_01,True,0.8799999999999999
2293_01,True,1.0
2294_01,True,1.0
2297_01,False,0.0
2304_01,True,0.6799999999999999
2307_01,True,0.8799999999999999
2307_02,False,0.43272727272727274
2307_03,True,0.6509090909090909
2307_04,True,1.0
2307_05,True,1.0
2322_01,False,0.0
2323_01,False,0.0
2324_01,False,0.0
2326_01,True,0.6618181818181819
2328_01,False,0.0
2330_01,False,0.0
2331_01,True,1.0
2334_01,False,0.0
2335_01,True,0.8799999999999999
2337_01,True,1.0
2342_01,False,0.0
2343_01,True,1.0
2343_02,True,1.0
2344_01,False,0.0
2344_02,True,1.0
2346_01,False,0.0
2350_01,False,0.0
2350_02,False,0.0
2350_03,True,1.0
2351_01,False,0.0
2351_02,False,0.0
2352_01,False,0.0
2354_01,False,0.0
2355_01,True,1.0
2355_02,True,1.0
2355_03,False,0.0
2355_04,True,1.0
2358_01,False,0.0
2359_01,False,0.0
2362_01,False,0.0
2370_01,True,0.5054545454545455
2370_02,True,1.0
2370_03,False,0.0
2370_04,True,0.7272727272727273
2371_01,False,0.29454545454545455
2372_01,False,0.0
2378_01,False,0.0
2378_02,True,1.0
2380_01,False,0.0
2380_02,True,1.0
2381_01,True,0.8799999999999999
2383_01,False,0.0
2383_02,False,0.0
2386_01,True,1.0
2388_01,False,0.0
2388_02,True,1.0
2393_01,False,0.0
2394_01,True,0.8
2394_02,True,1.0
2394_03,False,0.0
2400_01,False,0.0
2405_01,False,0.0
2407_01,True,1.0
2408_01,False,0.0
2415_01,True,1.0
2418_01,False,0.0
2420_01,False,0.0
2422_01,False,0.0
2422_02,True,1.0
2425_01,False,0.46909090909090906
2425_02,False,0.0
2425_03,False,0.13818181818181818
2425_04,True,0.7454545454545455
2425_05,True,1.0
2425_06,True,0.6436363636363637
2428_01,False,0.0
2430_01,True,0.5054545454545455
2430_02,False,0.29454545454545455
2430_03,False,0.0
2434_01,False,0.4872727272727273
2434_02,False,0.0
2437_01,False,0.0
2440_01,False,0.12
2447_01,False,0.0
2448_01,True,1.0
2448_02,True,1.0
2450_01,False,0.0
2459_01,True,1.0
2464_01,False,0.0
2465_01,False,0.0
2468_01,True,1.0
2469_01,True,1.0
2469_02,False,0.0
2473_01,False,0.0
2481_01,True,1.0
2481_02,False,0.0
2482_01,False,0.0
2482_02,False,0.0
2484_01,True,1.0
2484_02,False,0.0
2485_01,False,0.0
2487_01,True,1.0
2487_02,True,1.0
2487_03,False,0.0
2490_01,False,0.0
2493_01,False,0.0
2493_02,False,0.0
2494_01,True,1.0
2494_02,False,0.0
2495_01,False,0.0
2501_01,True,1.0
2504_01,False,0.0
2507_01,True,0.6799999999999999
2511_01,False,0.0
2514_01,False,0.3781818181818182
2517_01,True,1.0
2525_01,False,0.0
2529_01,False,0.0
2533_01,False,0.0
2536_01,True,1.0
2538_01,True,1.0
2538_02,True,1.0
2539_01,True,0.8436363636363637
2543_01,True,0.7454545454545455
2554_01,True,1.0
2556_01,True,1.0
2563_01,True,0.6618181818181819
2566_01,False,0.0
2567_01,False,0.3854545454545455
2567_02,True,1.0
2568_01,True,1.0
2569_01,False,0.13818181818181818
2570_01,True,0.8
2575_01,True,0.8
2576_01,True,1.0
2577_01,True,0.5418181818181818
2577_02,True,0.56
2579_01,False,0.0
2583_01,True,0.8
2585_01,True,1.0
2586_01,True,0.8
2587_01,True,1.0
2587_02,True,1.0
2600_01,True,1.0
2603_01,True,0.5418181818181818
2603_02,True,0.76
2604_01,True,1.0
2608_01,True,0.5418181818181818
2610_01,False,0.0
2611_01,False,0.0
2612_01,False,0.0
2613_01,False,0.0
2614_01,False,0.0
2615_01,False,0.2581818181818182
2620_01,True,1.0
2621_01,False,0.0
2623_01,False,0.0
2630_01,False,0.0
2630_02,True,0.6799999999999999
2630_03,True,0.5418181818181818
2632_01,False,0.0
2637_01,False,0.0
2637_02,True,1.0
2637_03,False,0.15636363636363637
2639_01,True,1.0
2644_01,False,0.0
2653_01,False,0.0
2654_01,False,0.0
2656_01,True,1.0
2665_01,False,0.0
2667_01,True,1.0
2667_02,False,0.0
2667_03,False,0.0
2667_04,True,1.0
2667_05,True,1.0
2669_01,False,0.0
2673_01,True,0.9636363636363636
2674_01,False,0.27636363636363637
2674_02,False,0.13818181818181818
2680_01,False,0.0
2681_01,True,0.8799999999999999
2686_01,False,0.0
2689_01,False,0.0
2694_01,True,1.0
2694_02,True,1.0
2696_01,True,1.0
2699_01,False,0.0
2705_01,True,1.0
2710_01,True,1.0
2710_02,True,1.0
2711_01,True,1.0
2715_01,False,0.0
2715_02,False,0.0
2716_01,False,0.0
2716_02,True,1.0
2719_01,False,0.0
2719_02,True,1.0
2719_03,False,0.0
2728_01,True,0.8
2731_01,True,0.5418181818181818
2733_01,False,0.0
2735_01,False,0.0
2742_01,True,1.0
2744_01,False,0.2581818181818182
2749_01,True,0.5418181818181818
2757_01,False,0.0
2761_01,False,0.0
2761_02,True,1.0
2766_01,True,1.0
2767_01,False,0.0
2771_01,False,0.0
2775_01,False,0.2581818181818182
2776_01,False,0.4509090909090909
2777_01,True,1.0
2779_01,False,0.0
2782_01,False,0.0
2791_01,False,0.0
2794_01,False,0.0
2794_02,False,0.0
2794_03,True,1.0
2794_04,True,1.0
2794_05,False,0.0
2794_06,True,1.0
2794_07,True,1.0
2800_01,True,1.0
2803_01,True,1.0
2804_01,True,0.5418181818181818
2808_01,True,1.0
2808_02,True,1.0
2815_01,False,0.0
2815_02,True,1.0
2815_03,True,0.6072727272727273
2816_01,True,1.0
2827_01,True,1.0
2828_01,False,0.0
2829_01,True,0.6254545454545455
2830_01,True,0.9454545454545455
2833_01,True,0.9636363636363636
2836_01,True,1.0
2841_01,False,0.0
2842_01,True,0.6254545454545455
2844_01,False,0.0
2845_01,True,1.0
2845_02,True,1.0
2848_01,True,1.0
2848_02,True,1.0
2848_03,True,1.0
2849_01,False,0.0
2850_01,True,1.0
2850_02,True,1.0
2850_03,False,0.0
2850_04,True,1.0
2851_01,False,0.0
2855_01,True,1.0
2864_01,False,0.0
2868_01,True,0.5418181818181818
2868_02,True,0.7418181818181817
2868_03,False,0.27636363636363637
2868_04,True,0.9636363636363636
2874_01,False,0.0
2879_01,False,0.0
2885_01,False,0.0
2886_01,False,0.0
2889_01,False,0.0
2895_01,True,1.0
2896_01,False,0.0
2898_01,True,1.0
2898_02,True,1.0
2903_01,True,0.5527272727272727
2904_01,False,0.0
2904_02,True,1.0
2911_01,True,0.7418181818181817
2914_01,True,1.0
2915_01,True,1.0
2916_01,True,1.0
2917_01,False,0.0
2918_01,False,0.0
2921_01,False,0.0
2922_01,True,1.0
2923_01,True,1.0
2924_01,False,0.0
2931_01,True,0.9454545454545455
2931_02,False,0.0
2932_01,True,1.0
2933_01,False,0.0
2937_01,False,0.0
2939_01,True,0.5890909090909091
2946_01,False,0.0
2946_02,False,0.0
2946_03,False,0.0
2946_04,False,0.0
2947_01,True,0.6072727272727273
2951_01,False,0.0
2952_01,False,0.0
2955_01,False,0.0
2957_01,True,0.9454545454545455
2963_01,False,0.0
2967_01,True,1.0
2973_01,False,0.0
2974_01,False,0.0
2976_01,True,1.0
2976_02,True,1.0
2976_03,True,1.0
2976_04,False,0.0
2977_01,False,0.0
2977_02,False,0.0
2977_03,False,0.0
2978_01,False,0.0
2980_01,False,0.0
2981_01,True,1.0
2985_01,True,1.0
2987_01,False,0.0
2989_01,False,0.0
2991_01,False,0.0
2997_01,True,1.0
2997_02,False,0.0
2997_03,False,0.0
2997_04,True,1.0
2999_01,False,0.0
3002_01,False,0.0
3007_01,False,0.0
3008_01,True,1.0
3008_02,False,0.0
3008_03,True,1.0
3008_04,True,0.6254545454545455
3008_05,True,1.0
3008_06,True,1.0
3011_01,True,0.6254545454545455
3016_01,False,0.13818181818181818
3016_02,True,1.0
3016_03,True,1.0
3016_04,False,0.0
3017_01,True,1.0
3028_01,True,0.8254545454545454
3031_01,True,1.0
3035_01,False,0.0
3037_01,True,1.0
3037_02,True,1.0
3041_01,False,0.0
3043_01,True,0.76
3046_01,False,0.0
3049_01,False,0.0
3051_01,False,0.0
3052_01,False,0.0
3056_01,True,0.9454545454545455
3057_01,True,0.8
3058_01,False,0.0
3059_01,True,1.0
3069_01,False,0.0
3072_01,True,1.0
3074_01,True,1.0
3075_01,True,1.0
3077_01,True,1.0
3077_02,True,1.0
3078_01,False,0.0
3078_02,False,0.0
3078_03,True,1.0
3078_04,False,0.0
3086_01,True,0.76
3089_01,True,1.0
3094_01,True,1.0
3097_01,True,1.0
3098_01,False,0.0
3101_01,False,0.0
3105_01,True,1.0
3105_02,True,0.9636363636363636
3105_03,True,1.0
3106_01,True,1.0
3107_01,True,1.0
3108_01,True,0.9272727272727272
3109_01,False,0.43272727272727274
3115_01,True,1.0
3122_01,False,0.0
3122_02,False,0.0
3125_01,False,0.0
3125_02,False,0.0
3127_01,True,1.0
3129_01,True,1.0
3135_01,False,0.0
3137_01,True,1.0
3139_01,False,0.0
3141_01,True,1.0
3144_01,False,0.0
3146_01,False,0.0
3148_01,True,1.0
3148_02,False,0.0
3150_01,False,0.15636363636363637
3151_01,True,1.0
3153_01,False,0.0
3153_02,True,1.0
3154_01,True,1.0
3155_01,True,1.0
3155_02,True,1.0
3156_01,False,0.0
3157_01,False,0.0
3160_01,False,0.0
3165_01,False,0.0
3167_01,False,0.2581818181818182
3170_01,True,1.0
3173_01,True,1.0
3177_01,False,0.0
3178_01,True,1.0
3183_01,False,0.0
3186_01,True,1.0
3187_01,False,0.0
3190_01,False,0.0
3190_02,True,0.7636363636363637
3194_01,False,0.0
3198_01,False,0.0
3199_01,True,1.0
3202_01,False,0.0
3207_01,False,0.0
3208_01,False,0.0
3214_01,True,1.0
3222_01,False,0.0
3226_01,True,1.0
3228_01,False,0.0
3231_01,True,1.0
3233_01,True,0.76
3234_01,False,0.0
3242_01,False,0.0
3244_01,True,1.0
3244_02,True,1.0
3244_03,True,1.0
3245_01,True,1.0
3245_02,False,0.0
3246_01,True,1.0
3249_01,False,0.0
3249_02,False,0.27636363636363637
3250_01,False,0.0
3251_01,False,0.0
3257_01,True,1.0
3261_01,False,0.0
3263_01,True,1.0
3264_01,False,0.0
3265_01,False,0.0
3265_02,True,1.0
3265_03,True,1.0
3265_04,True,1.0
3266_01,False,0.0
3267_01,True,1.0
3277_01,False,0.0
3278_01,True,1.0
3281_01,True,1.0
3285_01,False,0.0
3285_02,True,0.7818181818181817
3286_01,False,0.0
3288_01,True,1.0
3290_01,True,1.0
3290_02,False,0.0
3291_01,True,1.0
3302_01,False,0.0
3303_01,False,0.0
3306_01,False,0.0
3307_01,True,1.0
3316_01,True,1.0
3320_01,False,0.0
3320_02,False,0.0
3321_01,True,1.0
3333_01,False,0.13818181818181818
3334_01,True,1.0
3335_01,False,0.0
3340_01,False,0.0
3341_01,True,1.0
3341_02,False,0.0
3344_01,True,1.0
3344_02,True,1.0
3345_01,True,1.0
3345_02,False,0.0
3345_03,True,1.0
3346_01,False,0.0
3347_01,True,1.0
3347_02,False,0.0
3351_01,True,1.0
3351_02,True,1.0
3354_01,False,0.0
3355_01,True,0.9636363636363636
3356_01,True,0.6727272727272727
3358_01,False,0.0
3362_01,False,0.0
3362_02,False,0.0
3366_01,True,1.0
3367_01,True,0.9454545454545455
3368_01,False,0.19272727272727275
3368_02,True,1.0
3368_03,False,0.0
3368_04,False,0.46909090909090906
3368_05,True,1.0
3368_06,False,0.0
3368_07,False,0.0
3369_01,False,0.0
3373_01,True,1.0
3374_01,False,0.0
3375_01,False,0.0
3376_01,True,1.0
3378_01,False,0.0
3379_01,True,1.0
3385_01,True,1.0
3388_01,True,1.0
3393_01,True,0.9454545454545455
3398_01,False,0.0
3399_01,False,0.0
3400_01,True,1.0
3407_01,True,0.9090909090909092
3407_02,False,0.0
3411_01,False,0.0
3411_02,False,0.0
3411_03,False,0.0
3411_04,False,0.0
3411_05,True,1.0
3411_06,True,1.0
3411_07,False,0.0
3414_01,False,0.0
3416_01,False,0.0
3427_01,True,1.0
3429_01,True,1.0
3435_01,False,0.0
3436_01,True,1.0
3448_01,False,0.09090909090909091
3448_02,True,1.0
3451_01,False,0.0
3452_01,False,0.0
3457_01,True,1.0
3460_01,False,0.0
3463_01,True,1.0
3466_01,False,0.0
3471_01,False,0.0
3472_01,True,0.76
3477_01,False,0.0
3477_02,True,1.0
3479_01,False,0.0
3481_01,False,0.0
3482_01,False,0.0
3482_02,True,1.0
3493_01,True,0.8799999999999999
3494_01,False,0.0
3494_02,True,1.0
3498_01,False,0.018181818181818184
3500_01,False,0.0
3502_01,False,0.0
3503_01,False,0.0
3505_01,False,0.0
3507_01,True,1.0
3508_01,False,0.0
3508_02,True,1.0
3509_01,True,1.0
3509_02,False,0.0
3510_01,True,1.0
3513_01,True,1.0
3513_02,True,1.0
3513_03,True,0.5781818181818181
3513_04,True,1.0
3516_01,False,0.0
3517_01,True,1.0
3522_01,True,1.0
3524_01,False,0.0
3526_01,False,0.0
3529_01,True,1.0
3532_01,True,1.0
3538_01,False,0.0
3541_01,False,0.0
3544_01,False,0.0
3544_02,False,0.44
3545_01,False,0.12
3549_01,False,0.0
3549_02,True,1.0
3551_01,False,0.0
3554_01,False,0.0
3557_01,False,0.0
3571_01,True,1.0
3574_01,False,0.0
3575_01,False,0.0
3580_01,True,1.0
3580_02,True,1.0
3581_01,False,0.13818181818181818
3583_01,False,0.0
3585_01,True,1.0
3587_01,True,1.0
3587_02,False,0.2581818181818182
3587_03,True,1.0
3589_01,False,0.0
3589_02,False,0.4763636363636364
3589_03,True,0.9454545454545455
3589_04,True,1.0
3589_05,False,0.0
3589_06,True,0.6327272727272728
3589_07,True,0.6690909090909091
3590_01,False,0.0
3593_01,True,1.0
3599_01,True,0.8254545454545454
3601_01,False,0.0
3601_02,True,0.9454545454545455
3601_03,False,0.4763636363636364
3601_04,True,0.9454545454545455
3601_05,True,0.770909090909091
3601_06,False,0.0
3601_07,True,0.9454545454545455
3603_01,True,1.0
3603_02,True,1.0
3604_01,True,1.0
3611_01,True,0.9090909090909092
3617_01,False,0.0
3617_02,False,0.4763636363636364
3617_03,False,0.0
3618_01,True,1.0
3618_02,False,0.0
3618_03,True,1.0
3618_04,False,0.0
3621_01,False,0.0
3621_02,False,0.0
3623_01,True,1.0
3627_01,True,1.0
3632_01,False,0.0
3633_01,True,1.0
3635_01,True,1.0
3635_02,False,0.0
3637_01,False,0.0
3638_01,False,0.0
3643_01,True,1.0
3646_01,True,0.9090909090909092
3646_02,True,1.0
3649_01,False,0.0
3651_01,True,1.0
3656_01,True,1.0
3656_02,False,0.0
3657_01,True,1.0
3657_02,True,1.0
3657_03,False,0.0
3659_01,False,0.0
3659_02,True,0.5963636363636364
3659_03,True,0.5963636363636364
3659_04,False,0.0
3659_05,False,0.0
3659_06,False,0.0
3659_07,True,0.9818181818181817
3661_01,False,0.0
3663_01,True,1.0
3666_01,True,1.0
3669_01,True,1.0
3670_01,True,1.0
3672_01,False,0.0
3672_02,False,0.0
3673_01,False,0.13818181818181818
3675_01,True,1.0
3675_02,True,1.0
3675_03,True,1.0
3676_01,True,1.0
3683_01,True,1.0
3683_02,True,1.0
3684_01,True,1.0
3684_02,True,1.0
3685_01,True,1.0
3687_01,True,1.0
3689_01,False,0.27636363636363637
3694_01,True,1.0
3695_01,False,0.0
3696_01,True,1.0
3697_01,False,0.0
3698_01,False,0.0
3701_01,True,1.0
3701_02,True,1.0
3701_03,True,1.0
3709_01,True,1.0
3712_01,True,1.0
3712_02,True,1.0
3712_03,True,1.0
3712_04,True,1.0
3712_05,True,1.0
3717_01,False,0.0
3717_02,True,1.0
3718_01,True,1.0
3720_01,True,1.0
3720_02,True,1.0
3720_03,True,1.0
3721_01,False,0.0
3722_01,False,0.0
3723_01,False,0.018181818181818184
3725_01,True,1.0
3727_01,False,0.0
3730_01,True,1.0
3731_01,True,1.0
3738_01,True,0.8799999999999999
3740_01,False,0.0
3746_01,False,0.0
3746_02,True,0.5054545454545455
3746_03,True,0.76
3746_04,True,0.8799999999999999
3762_01,False,0.2581818181818182
3763_01,False,0.0
3764_01,True,0.76
3764_02,True,1.0
3766_01,True,1.0
3766_02,True,1.0
3780_01,True,1.0
3782_01,False,0.0
3782_02,False,0.0
3791_01,False,0.0
3792_01,True,1.0
3794_01,True,1.0
3799_01,False,0.2581818181818182
3800_01,False,0.0
3802_01,False,0.0
3806_01,True,1.0
3808_01,True,0.8799999999999999
3809_01,False,0.0
3809_02,True,0.7236363636363636
3813_01,True,0.76
3819_01,False,0.0
3825_01,False,0.0
3827_01,False,0.0
3828_01,True,1.0
3828_02,False,0.0
3828_03,True,1.0
3829_01,False,0.2581818181818182
3829_02,True,1.0
3833_01,True,1.0
3834_01,True,1.0
3837_01,False,0.0
3840_01,False,0.0
3843_01,True,1.0
3844_01,True,0.8799999999999999
3844_02,True,1.0
3845_01,False,0.24
3855_01,True,1.0
3858_01,True,1.0
3858_02,True,1.0
3858_03,False,0.0
3858_04,False,0.0
3859_01,True,1.0
3860_01,True,1.0
3861_01,False,0.0
3863_01,False,0.4581818181818182
3865_01,True,1.0
3869_01,True,0.8
3876_01,True,1.0
3876_02,True,1.0
3876_03,True,1.0
3877_01,False,0.0
3878_01,False,0.0
3880_01,True,1.0
3881_01,False,0.2581818181818182
3882_01,True,1.0
3884_01,False,0.0
3885_01,False,0.0
3887_01,True,1.0
3889_01,True,0.9636363636363636
3889_02,True,1.0
3891_01,True,1.0
3892_01,True,0.76
3892_02,False,0.0
3893_01,False,0.0
3893_02,True,1.0
3893_03,False,0.0
3900_01,False,0.0
3901_01,True,1.0
3902_01,True,1.0
3905_01,True,1.0
3906_01,False,0.0
3906_02,False,0.0
3908_01,False,0.0
3908_02,True,0.76
3910_01,True,1.0
3914_01,False,0.0
3918_01,False,0.0
3920_01,False,0.0
3925_01,False,0.0
3925_02,False,0.0
3929_01,True,1.0
3934_01,True,1.0
3934_02,False,0.0
3943_01,True,1.0
3943_02,True,1.0
3943_03,False,0.0
3947_01,False,0.0
3951_01,False,0.0
3953_01,True,0.76
3956_01,False,0.2181818181818182
3957_01,True,1.0
3965_01,False,0.0
3969_01,False,0.0
3972_01,True,1.0
3975_01,False,0.2
3978_01,True,1.0
3979_01,False,0.0
3982_01,False,0.0
3983_01,False,0.0
3989_01,True,1.0
3989_02,True,1.0
3989_03,True,1.0
3989_04,True,0.9636363636363636
3990_01,True,1.0
3993_01,False,0.0
4004_01,False,0.0
4007_01,False,0.0
4011_01,True,1.0
4012_01,True,1.0
4012_02,True,1.0
4015_01,True,1.0
4015_02,False,0.0
4024_01,True,1.0
4025_01,True,1.0
4028_01,True,0.76
4029_01,True,1.0
4041_01,True,1.0
4048_01,True,1.0
4048_02,True,1.0
4048_03,True,1.0
4051_01,True,1.0
4052_01,True,1.0
4054_01,True,1.0
4054_02,True,1.0
4054_03,False,0.0
4056_01,False,0.0
4057_01,False,0.0
4059_01,True,1.0
4059_02,False,0.0
4062_01,False,0.0
4067_01,False,0.24
4070_01,True,1.0
4070_02,True,1.0
4070_03,True,1.0
4073_01,False,0.0
4073_02,True,1.0
4074_01,False,0.0
4077_01,False,0.0
4085_01,True,0.7236363636363636
4086_01,False,0.0
4086_02,True,1.0
4086_03,True,1.0
4087_01,True,0.76
4088_01,True,1.0
4092_01,True,1.0
4094_01,False,0.0
4094_02,False,0.0
4100_01,True,1.0
4105_01,False,0.15636363636363637
4111_01,True,1.0
4117_01,False,0.0
4118_01,False,0.0
4119_01,True,1.0
4121_01,False,0.0
4122_01,True,0.8909090909090909
4123_01,False,0.0
4124_01,True,1.0
4126_01,False,0.0
4133_01,True,1.0
4133_02,True,1.0
4136_01,True,1.0
4136_02,False,0.0
4138_01,False,0.0
4139_01,False,0.0
4146_01,False,0.39636363636363636
4148_01,True,0.8799999999999999
4153_01,False,0.0
4155_01,True,1.0
4157_01,False,0.0
4161_01,True,1.0
4162_01,True,1.0
4164_01,True,1.0
4180_01,True,1.0
4180_02,False,0.0
4187_01,False,0.0
4190_01,True,1.0
4192_01,False,0.0
4193_01,True,1.0
4195_01,False,0.0
4198_01,True,1.0
4200_01,True,0.8799999999999999
4201_01,False,0.018181818181818184
4202_01,True,1.0
4202_02,False,0.0
4209_01,False,0.0
4217_01,False,0.2581818181818182
4224_01,False,0.0
4224_02,True,1.0
4226_01,True,1.0
4226_02,False,0.0
4227_01,True,1.0
4228_01,False,0.0
4234_01,False,0.0
4234_02,False,0.0
4235_01,False,0.0
4235_02,True,1.0
4236_01,False,0.43272727272727274
4236_02,True,1.0
4241_01,False,0.03636363636363637
4247_01,True,1.0
4247_02,False,0.0
4248_01,False,0.0
4248_02,False,0.0
4250_01,True,0.8799999999999999
4263_01,False,0.0
4263_02,True,1.0
4263_03,True,1.0
4265_01,True,1.0
4268_01,True,1.0
4268_02,True,1.0
4269_01,True,0.7418181818181817
4275_01,False,0.0
4276_01,False,0.0
4277_01,True,0.76
4279_01,False,0.0
4281_01,False,0.0
4282_01,True,1.0
4283_01,True,0.8799999999999999
4284_01,True,1.0
4284_02,False,0.0
4285_01,True,1.0
4286_01,True,1.0
4286_02,False,0.0
4286_03,False,0.43272727272727274
4287_01,True,0.8799999999999999
4288_01,True,1.0
4288_02,False,0.0
4290_01,False,0.0
4298_01,False,0.0
4298_02,True,1.0
4298_03,True,1.0
4299_01,False,0.0
4304_01,False,0.0
4307_01,True,1.0
4308_01,True,0.8799999999999999
4310_01,False,0.0
4313_01,False,0.13818181818181818
4314_01,True,1.0
4321_01,True,1.0
4322_01,True,1.0
4323_01,True,1.0
4323_02,False,0.0
4323_03,True,1.0
4323_04,True,1.0
4325_01,True,1.0
4326_01,False,0.0
4328_01,True,0.76
4331_01,True,1.0
4341_01,True,1.0
4341_02,True,0.7236363636363636
4342_01,True,0.6872727272727273
4353_01,False,0.4581818181818182
4355_01,True,0.8799999999999999
4363_01,True,0.76
4374_01,False,0.0
4375_01,True,1.0
4377_01,True,1.0
4377_02,True,0.9090909090909092
4377_03,True,1.0
4378_01,False,0.0
4378_02,False,0.0
4379_01,True,1.0
4380_01,False,0.0
4381_01,True,1.0
4381_02,False,0.0
4384_01,True,1.0
4385_01,True,0.9272727272727272
4385_02,True,1.0
4385_03,True,1.0
4389_01,False,0.0
4394_01,False,0.0
4398_01,False,0.0
4406_01,False,0.0
4412_01,False,0.0
4414_01,True,1.0
4417_01,True,1.0
4418_01,False,0.0
4419_01,False,0.0
4419_02,False,0.0
4420_01,False,0.0
4420_02,True,1.0
4421_01,False,0.0
4423_01,False,0.0
4425_01,True,1.0
4425_02,True,1.0
4434_01,False,0.0
4435_01,True,1.0
4435_02,True,1.0
4439_01,True,1.0
4439_02,True,1.0
4442_01,True,1.0
4443_01,True,1.0
4443_02,False,0.4581818181818182
4454_01,True,1.0
4455_01,False,0.0
4455_02,False,0.0
4455_03,True,1.0
4458_01,True,1.0
4460_01,True,1.0
4468_01,True,1.0
4471_01,False,0.0
4478_01,False,0.0
4480_01,True,1.0
4481_01,False,0.0
4484_01,False,0.0
4488_01,False,0.0
4489_01,False,0.0
4495_01,False,0.0
4499_01,True,1.0
4503_01,False,0.0
4504_01,True,1.0
4507_01,False,0.0
4513_01,True,1.0
4519_01,True,1.0
4520_01,False,0.0
4523_01,True,1.0
4523_02,True,1.0
4523_03,False,0.0
4523_04,True,1.0
4523_05,True,1.0
4523_06,True,1.0
4525_01,False,0.0
4526_01,True,0.7890909090909091
4527_01,False,0.0
4528_01,True,1.0
4536_01,False,0.0
4540_01,True,1.0
4541_01,False,0.0
4545_01,False,0.0
4548_01,True,1.0
4551_01,True,1.0
4551_02,True,1.0
4551_03,True,1.0
4551_04,True,1.0
4554_01,False,0.0
4556_01,False,0.0
4566_01,False,0.0
4578_01,False,0.0
4579_01,True,1.0
4582_01,True,1.0
4582_02,True,1.0
4582_03,True,1.0
4582_04,True,1.0
4582_05,True,1.0
4582_06,True,0.9636363636363636
4582_07,True,1.0
4583_01,True,1.0
4583_02,True,1.0
4583_03,True,1.0
4584_01,False,0.0
4588_01,False,0.0
4589_01,False,0.0
4590_01,False,0.0
4598_01,False,0.0
4599_01,True,1.0
4600_01,True,1.0
4600_02,True,1.0
4601_01,False,0.0
4614_01,False,0.0
4614_02,False,0.0
4616_01,False,0.0
4618_01,False,0.0
4619_01,True,1.0
4626_01,True,1.0
4626_02,False,0.13818181818181818
4627_01,False,0.0
4629_01,False,0.0
4636_01,True,1.0
4639_01,True,1.0
4639_02,True,1.0
4639_03,False,0.0
4639_04,False,0.0
4639_05,True,1.0
4639_06,True,1.0
4647_01,True,1.0
4660_01,True,1.0
4666_01,False,0.0
4669_01,True,1.0
4670_01,False,0.15636363636363637
4671_01,True,1.0
4671_02,True,1.0
4671_03,True,1.0
4671_04,True,1.0
4674_01,False,0.0
4675_01,True,1.0
4675_02,False,0.0
4681_01,False,0.0
4682_01,True,1.0
4683_01,True,1.0
4683_02,True,1.0
4685_01,True,1.0
4687_01,False,0.0
4688_01,False,0.0
4692_01,False,0.0
4697_01,True,1.0
4698_01,True,1.0
4700_01,True,1.0
4701_01,True,1.0
4701_02,True,1.0
4701_03,True,1.0
4701_04,True,1.0
4702_01,True,1.0
4702_02,False,0.4581818181818182
4703_01,True,1.0
4703_02,True,1.0
4705_01,True,1.0
4705_02,False,0.0
4707_01,False,0.0
4707_02,False,0.27636363636363637
4715_01,True,1.0
4716_01,False,0.4581818181818182
4718_01,True,1.0
4722_01,False,0.0
4724_01,True,1.0
4727_01,False,0.12
4727_02,True,1.0
4729_01,False,0.0
4731_01,True,1.0
4734_01,False,0.0
4735_01,False,0.15636363636363637
4736_01,True,1.0
4737_01,False,0.0
4740_01,True,1.0
4742_01,False,0.0
4745_01,True,1.0
4747_01,True,1.0
4747_02,False,0.0
4749_01,False,0.0
4751_01,False,0.0
4760_01,True,1.0
4761_01,True,1.0
4761_02,True,0.76
4761_03,True,1.0
4765_01,True,1.0
4766_01,True,1.0
4767_01,True,1.0
4768_01,True,0.5418181818181818
4768_02,True,1.0
4771_01,True,1.0
4776_01,True,1.0
4776_02,False,0.0
4776_03,True,1.0
4776_04,True,1.0
4779_01,False,0.0
4781_01,False,0.0
4789_01,False,0.2109090909090909
4799_01,False,0.0
4799_02,False,0.0
4799_03,False,0.0
4800_01,False,0.0
4802_01,True,1.0
4802_02,False,0.0
4805_01,True,1.0
4806_01,True,0.56
4809_01,False,0.0
4811_01,True,1.0
4812_01,True,1.0
4816_01,False,0.4581818181818182
4820_01,True,1.0
4820_02,False,0.0
4821_01,False,0.0
4824_01,True,1.0
4825_01,True,1.0
4826_01,True,1.0
4833_01,False,0.0
4833_02,False,0.0
4834_01,True,1.0
4835_01,False,0.0
4839_01,False,0.13818181818181818
4843_01,False,0.0
4843_02,False,0.0
4844_01,True,0.6509090909090909
4849_01,True,1.0
4852_01,True,1.0
4854_01,True,1.0
4855_01,True,1.0
4855_02,True,1.0
4858_01,False,0.0
4859_01,True,1.0
4860_01,False,0.49454545454545457
4861_01,False,0.0
4865_01,False,0.0
4867_01,False,0.0
4869_01,False,0.0
4872_01,False,0.12
4877_01,False,0.4581818181818182
4894_01,True,1.0
4905_01,True,1.0
4906_01,False,0.0
4907_01,True,1.0
4908_01,True,1.0
4914_01,False,0.0
4919_01,False,0.0
4921_01,False,0.0
4922_01,True,1.0
4926_01,False,0.0
4928_01,True,0.6799999999999999
4931_01,True,0.8799999999999999
4935_01,False,0.0
4935_02,True,1.0
4935_03,True,0.76
4936_01,False,0.0
4947_01,False,0.13818181818181818
4948_01,False,0.0
4949_01,True,1.0
4949_02,False,0.0
4953_01,True,1.0
4955_01,False,0.0
4957_01,True,1.0
4959_01,True,1.0
4960_01,False,0.0
4962_01,True,1.0
4966_01,True,1.0
4966_02,True,1.0
4967_01,False,0.018181818181818184
4968_01,True,1.0
4969_01,False,0.03636363636363637
4969_02,True,0.8799999999999999
4971_01,True,1.0
4976_01,False,0.32
4982_01,True,1.0
4984_01,False,0.4581818181818182
4984_02,False,0.2581818181818182
4985_01,True,1.0
4986_01,False,0.0
4988_01,True,1.0
4993_01,True,1.0
4994_01,False,0.0
5001_01,True,1.0
5002_01,True,1.0
5011_01,True,1.0
5022_01,False,0.0
5024_01,True,1.0
5024_02,True,1.0
5024_03,True,1.0
5024_04,False,0.0
5024_05,True,1.0
5026_01,False,0.0
5029_01,True,1.0
5029_02,True,1.0
5030_01,True,1.0
5031_01,False,0.0
5031_02,True,0.8
5033_01,False,0.0
5033_02,False,0.0
5037_01,False,0.33090909090909093
5038_01,False,0.0
5038_02,True,1.0
5041_01,False,0.49454545454545457
5043_01,True,1.0
5043_02,True,1.0
5043_03,False,0.09090909090909091
5045_01,True,1.0
5046_01,True,1.0
5047_01,True,1.0
5049_01,False,0.0
5053_01,False,0.0
5054_01,False,0.0
5055_01,True,1.0
5056_01,True,1.0
5056_02,True,1.0
5066_01,True,1.0
5071_01,True,1.0
5075_01,True,1.0
5077_01,False,0.0
5078_01,False,0.0
5079_01,True,1.0
5081_01,False,0.0
5082_01,False,0.2581818181818182
5086_01,True,1.0
5086_02,True,0.76
5092_01,True,1.0
5094_01,True,1.0
5094_02,False,0.0
5096_01,False,0.0
5096_02,False,0.0
5098_01,False,0.2581818181818182
5098_02,True,1.0
5098_03,True,1.0
5099_01,False,0.0
5100_01,True,1.0
5101_01,True,1.0
5102_01,False,0.0
5107_01,False,0.0
5110_01,True,1.0
5113_01,False,0.0
5114_01,True,1.0
5117_01,False,0.0
5118_01,True,1.0
5119_01,False,0.0
5121_01,False,0.0
5123_01,False,0.0
5131_01,True,1.0
5131_02,True,1.0
5134_01,False,0.0
5135_01,False,0.0
5139_01,False,0.018181818181818184
5141_01,True,1.0
5143_01,True,1.0
5147_01,True,1.0
5149_01,False,0.0
5149_02,True,1.0
5150_01,True,1.0
5153_01,True,1.0
5155_01,False,0.0
5159_01,True,1.0
5159_02,False,0.0
5164_01,True,1.0
5164_02,True,1.0
5168_01,False,0.0
5169_01,False,0.0
5172_01,False,0.0
5178_01,True,1.0
5183_01,True,1.0
5189_01,True,1.0
5191_01,False,0.0
5195_01,False,0.0
5200_01,False,0.0
5203_01,True,1.0
5203_02,True,1.0
5212_01,False,0.4581818181818182
5215_01,False,0.0
5219_01,True,1.0
5219_02,True,1.0
5222_01,True,1.0
5228_01,False,0.0
5228_02,True,1.0
5231_01,False,0.0
5232_01,False,0.0
5232_02,False,0.0
5233_01,True,1.0
5237_01,True,1.0
5241_01,True,0.8799999999999999
5241_02,True,1.0
5245_01,False,0.4509090909090909
5259_01,False,0.0
5261_01,False,0.0
5263_01,False,0.0
5267_01,True,0.6327272727272728
5267_02,True,1.0
5267_03,True,1.0
5270_01,True,1.0
5283_01,False,0.0
5284_01,True,1.0
5285_01,True,1.0
5286_01,False,0.0
5289_01,True,1.0
5293_01,False,0.0
5293_02,False,0.0
5294_01,False,0.4581818181818182
5295_01,False,0.0
5296_01,False,0.0
5302_01,True,1.0
5306_01,True,0.8545454545454545
5306_02,True,1.0
5308_01,True,1.0
5308_02,True,1.0
5308_03,False,0.0
5309_01,True,1.0
5311_01,True,0.76
5317_01,False,0.0
5317_02,True,1.0
5318_01,True,1.0
5318_02,True,1.0
5319_01,False,0.0
5321_01,False,0.0
5324_01,False,0.07272727272727274
5328_01,True,1.0
5329_01,False,0.0
5329_02,True,0.8799999999999999
5329_03,False,0.07272727272727274
5329_04,False,0.19272727272727275
5329_05,False,0.0
5329_06,False,0.19272727272727275
5329_07,False,0.33090909090909093
5332_01,True,1.0
5335_01,True,1.0
5335_02,True,1.0
5335_03,False,0.0
5335_04,True,1.0
5336_01,True,0.76
5338_01,True,1.0
5339_01,True,1.0
5339_02,True,1.0
5339_03,True,1.0
5342_01,False,0.0
5349_01,True,1.0
5352_01,True,1.0
5357_01,True,1.0
5357_02,True,1.0
5357_03,False,0.0
5357_04,False,0.0
5358_01,True,0.5236363636363637
5364_01,True,1.0
5369_01,True,1.0
5369_02,False,0.0
5369_03,True,1.0
5370_01,True,0.8436363636363637
5371_01,True,1.0
5371_02,False,0.0
5371_03,True,1.0
5371_04,True,1.0
5373_01,False,0.0
5376_01,True,1.0
5376_02,True,1.0
5377_01,True,1.0
5381_01,False,0.0
5382_01,True,1.0
5382_02,True,1.0
5386_01,True,1.0
5391_01,False,0.0
5393_01,False,0.0
5398_01,True,1.0
5399_01,False,0.0
5400_01,True,1.0
5403_01,False,0.0
5405_01,False,0.0
5407_01,False,0.09090909090909091
5409_01,False,0.0
5417_01,False,0.0
5419_01,False,0.0
5426_01,True,1.0
5428_01,False,0.0
5428_02,True,1.0
5429_01,False,0.0
5432_01,True,1.0
5433_01,True,1.0
5439_01,False,0.0
5442_01,False,0.0
5444_01,False,0.4581818181818182
5448_01,False,0.0
5449_01,False,0.0
5456_01,False,0.0
5460_01,False,0.0
5461_01,False,0.0
5464_01,False,0.0
5473_01,False,0.46909090909090906
5473_02,False,0.0
5481_01,True,1.0
5482_01,False,0.2581818181818182
5482_02,False,0.2581818181818182
5486_01,True,1.0
5493_01,True,1.0
5495_01,True,1.0
5498_01,True,0.76
5498_02,True,0.76
5502_01,True,1.0
5503_01,False,0.0
5505_01,False,0.0
5505_02,True,1.0
5505_03,True,1.0
5513_01,True,1.0
5513_02,True,1.0
5513_03,False,0.0
5513_04,True,1.0
5516_01,False,0.0
5518_01,False,0.0
5519_01,False,0.0
5525_01,False,0.018181818181818184
5532_01,True,1.0
5533_01,False,0.0
5534_01,False,0.2581818181818182
5542_01,False,0.0
5547_01,True,1.0
5548_01,True,1.0
5549_01,True,1.0
5553_01,True,1.0
5553_02,True,1.0
5554_01,True,0.76
5558_01,False,0.0
5562_01,True,1.0
5562_02,True,1.0
5564_01,False,0.0
5565_01,False,0.0
5567_01,False,0.0
5570_01,True,1.0
5576_01,False,0.4581818181818182
5577_01,True,1.0
5577_02,True,1.0
5577_03,True,1.0
5577_04,True,1.0
5577_05,True,1.0
5579_01,True,1.0
5584_01,True,1.0
5584_02,False,0.0
5588_01,False,0.0
5588_02,True,1.0
5588_03,True,1.0
5588_04,True,1.0
5588_05,True,1.0
5590_01,True,1.0
5593_01,False,0.0
5597_01,True,1.0
5600_01,True,1.0
5604_01,False,0.4763636363636364
5605_01,False,0.12
5607_01,True,0.76
5612_01,True,1.0
5617_01,False,0.0
5620_01,False,0.0
5620_02,False,0.0
5621_01,False,0.0
5624_01,True,1.0
5630_01,True,1.0
5632_01,True,1.0
5633_01,False,0.0
5634_01,True,1.0
5635_01,False,0.0
5636_01,False,0.0
5638_01,True,1.0
5641_01,True,1.0
5649_01,True,1.0
5654_01,False,0.0
5656_01,True,0.56
5657_01,False,0.0
5658_01,False,0.0
5660_01,False,0.0
5664_01,True,1.0
5664_02,True,1.0
5664_03,True,1.0
5664_04,True,1.0
5665_01,False,0.0
5666_01,False,0.0
5668_01,True,1.0
5669_01,True,1.0
5670_01,True,1.0
5672_01,True,1.0
5675_01,True,1.0
5676_01,False,0.46909090909090906
5678_01,True,1.0
5678_02,False,0.07272727272727274
5682_01,True,1.0
5683_01,False,0.0
5690_01,False,0.0
5691_01,True,1.0
5694_01,True,1.0
5697_01,False,0.0
5699_01,False,0.0
5703_01,False,0.0
5708_01,True,1.0
5715_01,True,1.0
5715_02,True,1.0
5720_01,False,0.2
5720_02,True,0.56
5731_01,False,0.0
5731_02,True,1.0
5734_01,True,1.0
5734_02,False,0.0
5741_01,False,0.0
5743_01,False,0.0
5745_01,True,1.0
5749_01,False,0.0
5752_01,False,0.0
5753_01,False,0.12
5754_01,False,0.0
5759_01,True,1.0
5760_01,False,0.0
5762_01,False,0.0
5766_01,True,1.0
5770_01,True,1.0
5774_01,False,0.0
5775_01,True,1.0
5782_01,False,0.3381818181818182
5782_02,False,0.0
5782_03,True,1.0
5782_04,True,1.0
5784_01,True,1.0
5787_01,False,0.0
5787_02,True,1.0
5787_03,True,0.56
5789_01,True,1.0
5789_02,True,1.0
5797_01,True,1.0
5798_01,False,0.0
5801_01,True,0.9818181818181817
5803_01,True,1.0
5805_01,False,0.0
5807_01,False,0.0
5815_01,False,0.0
5815_02,False,0.0
5815_03,False,0.0
5815_04,False,0.0
5830_01,True,1.0
5832_01,False,0.0
5833_01,False,0.03636363636363637
5838_01,True,1.0
5841_01,True,1.0
5841_02,True,1.0
5841_03,True,1.0
5845_01,True,1.0
5850_01,True,1.0
5851_01,False,0.0
5851_02,True,1.0
5853_01,False,0.0
5862_01,False,0.4581818181818182
5864_01,True,1.0
5865_01,False,0.0
5866_01,True,0.76
5870_01,True,1.0
5872_01,True,1.0
5873_01,False,0.0
5873_02,True,1.0
5873_03,False,0.0
5881_01,True,1.0
5883_01,True,1.0
5884_01,False,0.0
5892_01,False,0.0
5893_01,False,0.0
5893_02,True,1.0
5895_01,False,0.0
5896_01,True,0.56
5899_01,False,0.0
5904_01,True,1.0
5904_02,False,0.0
5910_01,False,0.0
5911_01,True,1.0
5911_02,False,0.0
5911_03,False,0.0
5911_04,True,1.0
5911_05,True,1.0
5911_06,True,1.0
5914_01,True,1.0
5917_01,True,1.0
5918_01,True,1.0
5926_01,True,1.0
5929_01,True,1.0
5932_01,False,0.0
5935_01,False,0.0
5936_01,True,1.0
5936_02,True,1.0
5936_03,False,0.0
5936_04,True,1.0
5936_05,False,0.0
5937_01,True,1.0
5940_01,False,0.4581818181818182
5942_01,True,1.0
5942_02,True,1.0
5943_01,False,0.0
5948_01,False,0.0
5958_01,True,1.0
5961_01,True,1.0
5961_02,True,1.0
5962_01,True,0.9636363636363636
5964_01,True,1.0
5964_02,True,1.0
5966_01,True,1.0
5966_02,True,1.0
5978_01,False,0.0
5978_02,True,1.0
5979_01,True,1.0
5982_01,False,0.0
5996_01,True,1.0
5997_01,True,1.0
5997_02,True,1.0
6002_01,False,0.07272727272727274
6005_01,True,1.0
6005_02,True,1.0
6005_03,True,1.0
6005_04,False,0.0
6005_05,True,1.0
6009_01,False,0.0
6009_02,False,0.0
6012_01,False,0.0
6013_01,True,1.0
6018_01,False,0.0
6021_01,True,1.0
6023_01,False,0.0
6037_01,True,1.0
6044_01,False,0.0
6044_02,True,1.0
6046_01,True,1.0
6050_01,True,1.0
6051_01,False,0.0
6051_02,False,0.0
6053_01,False,0.0
6056_01,False,0.0
6057_01,True,1.0
6060_01,False,0.0
6063_01,True,1.0
6072_01,False,0.0
6074_01,True,1.0
6074_02,True,1.0
6074_03,True,1.0
6078_01,True,1.0
6079_01,True,1.0
6081_01,True,1.0
6081_02,False,0.0
6081_03,True,1.0
6081_04,True,1.0
6083_01,False,0.0
6084_01,True,1.0
6088_01,True,0.76
6089_01,True,1.0
6093_01,True,1.0
6097_01,False,0.0
6100_01,True,1.0
6104_01,True,1.0
6113_01,False,0.0
6114_01,False,0.0
6119_01,True,1.0
6119_02,True,1.0
6119_03,True,1.0
6125_01,False,0.0
6129_01,False,0.0
6131_01,False,0.0
6134_01,True,1.0
6140_01,False,0.0
6142_01,False,0.0
6142_02,True,1.0
6144_01,True,1.0
6147_01,False,0.0
6151_01,False,0.0
6151_02,True,1.0
6154_01,True,1.0
6159_01,False,0.0
6160_01,False,0.0
6160_02,True,1.0
6161_01,True,1.0
6164_01,True,1.0
6165_01,True,1.0
6177_01,False,0.0
6183_01,False,0.0
6185_01,False,0.0
6187_01,True,1.0
6188_01,True,1.0
6190_01,True,1.0
6193_01,True,1.0
6193_02,True,1.0
6193_03,False,0.0
6193_04,True,1.0
6195_01,False,0.0
6196_01,True,1.0
6197_01,True,1.0
6198_01,False,0.0
6202_01,True,1.0
6203_01,False,0.0
6204_01,True,1.0
6209_01,False,0.0
6209_02,True,1.0
6210_01,True,1.0
6212_01,True,1.0
6214_01,True,0.56
6217_01,True,1.0
6217_02,False,0.0
6221_01,True,1.0
6226_01,False,0.0
6231_01,True,1.0
6231_02,True,1.0
6231_03,False,0.4581818181818182
6233_01,False,0.0
6233_02,True,1.0
6233_03,True,1.0
6235_01,True,1.0
6240_01,True,1.0
6242_01,True,1.0
6244_01,False,0.0
6244_02,True,1.0
6247_01,False,0.0
6255_01,True,1.0
6257_01,True,1.0
6257_02,False,0.0
6257_03,True,1.0
6258_01,True,0.56
6259_01,False,0.0
6260_01,False,0.0
6260_02,False,0.0
6261_01,False,0.2109090909090909
6261_02,False,0.4872727272727273
6267_01,False,0.0
6267_02,False,0.0
6267_03,True,1.0
6267_04,True,1.0
6267_05,True,1.0
6267_06,True,1.0
6269_01,True,0.9636363636363636
6269_02,False,0.0
6269_03,True,1.0
6272_01,False,0.0
6272_02,True,1.0
6275_01,True,0.56
6278_01,True,1.0
6278_02,True,1.0
6284_01,True,1.0
6286_01,False,0.4581818181818182
6286_02,True,1.0
6287_01,False,0.0
6287_02,False,0.0
6288_01,True,1.0
6288_02,False,0.0
6288_03,True,1.0
6288_04,True,1.0
6291_01,False,0.0
6294_01,True,1.0
6295_01,True,1.0
6295_02,False,0.0
6298_01,True,1.0
6303_01,False,0.0
6306_01,True,1.0
6307_01,False,0.0
6310_01,False,0.0
6311_01,True,1.0
6312_01,True,1.0
6312_02,False,0.0
6314_01,False,0.13818181818181818
6329_01,False,0.13818181818181818
6332_01,False,0.4872727272727273
6332_02,False,0.29454545454545455
6332_03,False,0.4872727272727273
6332_04,False,0.0
6332_05,False,0.0
6332_06,True,1.0
6332_07,False,0.0
6332_08,False,0.0
6333_01,False,0.0
6336_01,False,0.4581818181818182
6337_01,True,1.0
6342_01,False,0.0
6342_02,False,0.0
6345_01,True,1.0
6345_02,True,1.0
6350_01,True,1.0
6352_01,True,1.0
6352_02,True,1.0
6358_01,True,0.7418181818181817
6358_02,True,1.0
6359_01,False,0.0
6362_01,True,1.0
6364_01,True,1.0
6375_01,False,0.0
6377_01,True,1.0
6379_01,False,0.0
6382_01,False,0.0
6383_01,True,1.0
6383_02,True,1.0
6383_03,True,1.0
6384_01,True,1.0
6386_01,True,0.76
6387_01,False,0.0
6389_01,False,0.0
6391_01,True,1.0
6391_02,True,1.0
6392_01,True,1.0
6393_01,False,0.07272727272727274
6395_01,True,0.6327272727272728
6401_01,True,1.0
6401_02,False,0.0
6403_01,False,0.0
6410_01,False,0.0
6410_02,False,0.0
6417_01,True,1.0
6420_01,True,0.9818181818181817
6423_01,False,0.0
6425_01,False,0.0
6425_02,True,1.0
6426_01,False,0.0
6427_01,True,1.0
6429_01,True,1.0
6435_01,False,0.0
6438_01,False,0.0
6440_01,True,1.0
6441_01,False,0.0
6445_01,False,0.0
6460_01,True,1.0
6465_01,True,1.0
6466_01,False,0.0
6467_01,False,0.0
6469_01,True,1.0
6474_01,True,0.5781818181818181
6476_01,False,0.0
6479_01,True,1.0
6479_02,True,1.0
6483_01,True,1.0
6484_01,False,0.0
6486_01,True,1.0
6491_01,False,0.0
6491_02,False,0.0
6491_03,True,1.0
6495_01,False,0.13818181818181818
6496_01,True,1.0
6496_02,False,0.0
6497_01,True,1.0
6498_01,True,1.0
6499_01,False,0.0
6499_02,False,0.0
6499_03,False,0.03636363636363637
6499_04,True,0.9454545454545455
6499_05,False,0.0
6499_06,True,1.0
6499_07,True,0.5054545454545455
6499_08,True,1.0
6504_01,True,1.0
6504_02,True,1.0
6505_01,False,0.0
6506_01,False,0.0
6506_02,False,0.4581818181818182
6507_01,True,1.0
6515_01,True,0.76
6516_01,True,1.0
6516_02,True,1.0
6518_01,True,1.0
6519_01,False,0.0
6521_01,False,0.0
6524_01,False,0.0
6527_01,True,1.0
6528_01,True,1.0
6532_01,False,0.0
6533_01,True,1.0
6533_02,False,0.0
6534_01,False,0.0
6536_01,False,0.0
6537_01,False,0.0
6538_01,False,0.0
6542_01,False,0.0
6543_01,True,1.0
6550_01,False,0.0
6551_01,True,1.0
6554_01,True,0.7890909090909091
6555_01,True,0.56
6559_01,True,1.0
6559_02,True,1.0
6559_03,True,0.9818181818181817
6564_01,True,1.0
6564_02,True,1.0
6566_01,False,0.0
6571_01,False,0.0
6575_01,True,1.0
6576_01,True,1.0
6577_01,True,1.0
6577_02,False,0.0
6577_03,True,1.0
6579_01,True,1.0
6581_01,False,0.0
6584_01,True,1.0
6586_01,False,0.0
6587_01,True,1.0
6589_01,True,1.0
6596_01,True,0.8
6596_02,False,0.0
6597_01,False,0.0
6600_01,True,1.0
6600_02,False,0.0
6605_01,True,1.0
6605_02,True,1.0
6607_01,True,0.9818181818181817
6610_01,True,1.0
6612_01,True,1.0
6612_02,False,0.0
6612_03,False,0.0
6612_04,True,1.0
6612_05,True,0.9818181818181817
6612_06,True,1.0
6615_01,True,1.0
6617_01,True,1.0
6617_02,True,1.0
6617_03,True,1.0
6619_01,False,0.0
6627_01,True,1.0
6629_01,True,1.0
6632_01,False,0.0
6636_01,True,1.0
6640_01,True,1.0
6644_01,False,0.12
6648_01,True,1.0
6651_01,False,0.0
6653_01,True,1.0
6657_01,True,1.0
6658_01,True,1.0
6658_02,True,1.0
6658_03,False,0.0
6661_01,True,1.0
6666_01,False,0.0
6677_01,True,1.0
6678_01,False,0.0
6678_02,True,1.0
6679_01,False,0.0
6682_01,True,1.0
6682_02,True,1.0
6685_01,False,0.0
6686_01,False,0.0
6687_01,False,0.0
6688_01,True,1.0
6689_01,False,0.0
6689_02,True,0.8618181818181818
6690_01,True,1.0
6695_01,False,0.31272727272727274
6696_01,True,0.9272727272727272
6700_01,True,1.0
6700_02,False,0.0
6701_01,True,1.0
6703_01,False,0.0
6704_01,False,0.09090909090909091
6705_01,False,0.0
6710_01,True,1.0
6712_01,False,0.0
6714_01,False,0.4581818181818182
6715_01,False,0.0
6716_01,False,0.0
6717_01,True,1.0
6723_01,False,0.0
6728_01,True,1.0
6732_01,False,0.0
6733_01,True,1.0
6735_01,False,0.0
6737_01,True,0.9818181818181817
6738_01,False,0.12
6738_02,True,1.0
6740_01,False,0.0
6743_01,True,1.0
6752_01,False,0.0
6752_02,False,0.13818181818181818
6752_03,False,0.0
6755_01,False,0.0
6759_01,True,1.0
6767_01,False,0.0
6767_02,True,0.9818181818181817
6768_01,False,0.0
6769_01,True,1.0
6770_01,True,1.0
6770_02,True,1.0
6770_03,True,1.0
6771_01,False,0.0
6772_01,True,1.0
6772_02,False,0.0
6777_01,True,1.0
6781_01,True,1.0
6783_01,True,1.0
6785_01,True,1.0
6790_01,False,0.0
6791_01,True,1.0
6793_01,True,1.0
6793_02,True,1.0
6795_01,False,0.0
6797_01,False,0.0
6803_01,True,0.6690909090909091
6804_01,True,1.0
6807_01,True,0.56
6807_02,True,1.0
6809_01,False,0.0
6811_01,True,1.0
6812_01,False,0.12
6812_02,False,0.0
6815_01,False,0.0
6819_01,False,0.13818181818181818
6819_02,True,1.0
6819_03,True,1.0
6823_01,True,1.0
6828_01,True,1.0
6830_01,True,1.0
6835_01,True,1.0
6835_02,False,0.018181818181818184
6836_01,False,0.2581818181818182
6838_01,True,1.0
6838_02,False,0.0
6838_03,False,0.0
6842_01,False,0.0
6845_01,True,1.0
6846_01,False,0.0
6847_01,False,0.0
6849_01,False,0.0
6852_01,True,1.0
6852_02,False,0.0
6855_01,False,0.0
6856_01,False,0.0
6860_01,False,0.0
6867_01,True,0.6799999999999999
6870_01,False,0.0
6872_01,True,1.0
6874_01,True,1.0
6875_01,False,0.0
6875_02,False,0.0
6875_03,True,1.0
6876_01,True,1.0
6876_02,True,1.0
6876_03,True,1.0
6877_01,False,0.0
6878_01,True,1.0
6881_01,False,0.15636363636363637
6884_01,True,1.0
6886_01,True,1.0
6888_01,True,0.8799999999999999
6888_02,True,1.0
6888_03,True,1.0
6888_04,False,0.0
6890_01,False,0.0
6897_01,False,0.0
6904_01,True,1.0
6904_02,True,1.0
6904_03,True,0.6690909090909091
6909_01,True,1.0
6914_01,True,1.0
6916_01,True,1.0
6919_01,True,1.0
6922_01,True,1.0
6923_01,True,1.0
6927_01,False,0.0
6933_01,True,1.0
6933_02,True,1.0
6935_01,False,0.0
6936_01,False,0.0
6936_02,False,0.0
6936_03,True,1.0
6938_01,True,0.8799999999999999
6941_01,True,1.0
6942_01,True,1.0
6948_01,True,1.0
6952_01,True,1.0
6953_01,False,0.0
6955_01,False,0.0
6956_01,False,0.0
6958_01,False,0.0
6959_01,False,0.0
6959_02,True,1.0
6959_03,True,1.0
6961_01,False,0.0
6961_02,False,0.0
6965_01,True,1.0
6969_01,False,0.0
6974_01,False,0.0
6975_01,False,0.0
6983_01,True,1.0
6983_02,False,0.0
6986_01,True,0.8799999999999999
6986_02,False,0.0
6986_03,True,1.0
6986_04,True,0.9818181818181817
6986_05,True,0.5418181818181818
6986_06,False,0.39636363636363636
6986_07,False,0.13818181818181818
6986_08,True,0.7454545454545455
6989_01,True,1.0
6993_01,False,0.0
7000_01,True,1.0
7003_01,False,0.0
7009_01,False,0.0
7009_02,False,0.0
7012_01,True,1.0
7023_01,False,0.0
7024_01,True,1.0
7030_01,False,0.0
7033_01,False,0.0
7035_01,True,1.0
7043_01,True,1.0
7046_01,False,0.0
7046_02,False,0.0
7046_03,False,0.0
7054_01,True,1.0
7054_02,True,1.0
7055_01,True,1.0
7063_01,False,0.0
7063_02,False,0.0
7064_01,True,1.0
7065_01,True,1.0
7066_01,False,0.0
7066_02,True,1.0
7067_01,True,1.0
7067_02,True,1.0
7067_03,False,0.0
7070_01,True,1.0
7075_01,False,0.0
7076_01,True,1.0
7081_01,True,1.0
7081_02,True,1.0
7100_01,True,1.0
7100_02,False,0.0
7101_01,False,0.0
7101_02,False,0.0
7102_01,True,1.0
7103_01,False,0.0
7103_02,True,1.0
7107_01,True,1.0
7108_01,False,0.0
7112_01,True,1.0
7115_01,True,1.0
7122_01,True,0.8799999999999999
7123_01,False,0.0
7124_01,True,1.0
7124_02,True,1.0
7124_03,True,0.8436363636363637
7125_01,True,1.0
7129_01,True,0.9636363636363636
7130_01,True,1.0
7130_02,True,1.0
7130_03,False,0.0
7130_04,False,0.0
7130_05,True,0.9636363636363636
7130_06,True,1.0
7130_07,False,0.0
7131_01,True,0.5418181818181818
7135_01,True,1.0
7135_02,True,1.0
7135_03,True,1.0
7135_04,True,1.0
7136_01,True,1.0
7138_01,False,0.0
7139_01,False,0.0
7141_01,False,0.0
7145_01,False,0.0
7146_01,False,0.0
7147_01,True,1.0
7150_01,False,0.0
7150_02,True,1.0
7153_01,False,0.0
7154_01,False,0.0
7158_01,False,0.0
7163_01,True,1.0
7163_02,True,1.0
7163_03,False,0.0
7164_01,False,0.0
7169_01,True,1.0
7172_01,False,0.0
7172_02,False,0.0
7174_01,False,0.0
7178_01,True,1.0
7183_01,True,1.0
7185_01,True,1.0
7195_01,True,1.0
7196_01,True,1.0
7198_01,True,1.0
7201_01,False,0.0
7204_01,False,0.0
7209_01,True,1.0
7209_02,True,1.0
7211_01,False,0.0
7212_01,True,1.0
7213_01,True,1.0
7220_01,False,0.0
7222_01,True,0.5054545454545455
7223_01,True,1.0
7228_01,True,1.0
7231_01,False,0.0
7237_01,True,1.0
7239_01,True,1.0
7241_01,True,1.0
7241_02,False,0.0
7243_01,True,1.0
7243_02,True,1.0
7243_03,True,1.0
7243_04,False,0.0
7243_05,True,1.0
7244_01,True,1.0
7245_01,True,1.0
7248_01,False,0.0
7248_02,True,1.0
7251_01,True,1.0
7254_01,False,0.0
7262_01,False,0.0
7263_01,False,0.0
7264_01,False,0.0
7265_01,False,0.0
7266_01,False,0.0
7266_02,True,1.0
7266_03,True,1.0
7269_01,False,0.0
7269_02,True,1.0
7272_01,True,1.0
7275_01,True,1.0
7281_01,True,1.0
7282_01,True,1.0
7286_01,False,0.0
7287_01,True,1.0
7288_01,False,0.0
7291_01,True,1.0
7293_01,False,0.0
7294_01,False,0.0
7295_01,False,0.3745454545454545
7295_02,False,0.0
7299_01,True,0.76
7308_01,True,1.0
7312_01,True,1.0
7315_01,True,1.0
7316_01,False,0.17454545454545453
7317_01,False,0.0
7318_01,False,0.0
7319_01,True,0.6690909090909091
7319_02,False,0.43272727272727274
7319_03,True,0.56
7325_01,False,0.0
7329_01,False,0.0
7329_02,True,0.7636363636363637
7329_03,True,1.0
7333_01,False,0.0
7335_01,True,1.0
7345_01,False,0.0
7348_01,False,0.0
7348_02,True,1.0
7348_03,True,1.0
7349_01,False,0.0
7352_01,False,0.0
7354_01,True,1.0
7354_02,True,1.0
7354_03,True,1.0
7354_04,False,0.0
7354_05,True,1.0
7354_06,False,0.0
7355_01,False,0.0
7357_01,True,1.0
7362_01,False,0.0
7363_01,True,1.0
7364_01,False,0.4581818181818182
7368_01,True,1.0
7369_01,False,0.0
7373_01,True,1.0
7373_02,True,1.0
7375_01,True,1.0
7378_01,False,0.0
7380_01,True,1.0
7380_02,True,1.0
7380_03,False,0.0
7380_04,True,1.0
7381_01,True,1.0
7382_01,True,1.0
7383_01,True,1.0
7383_02,False,0.0
7384_01,False,0.0
7386_01,True,1.0
7389_01,True,1.0
7397_01,True,1.0
7400_01,False,0.0
7404_01,True,1.0
7407_01,False,0.12
7409_01,False,0.0
7409_02,True,1.0
7412_01,True,1.0
7413_01,True,0.9818181818181817
7413_02,True,1.0
7414_01,False,0.0
7415_01,False,0.0
7417_01,False,0.0
7417_02,False,0.0
7420_01,False,0.0
7421_01,True,1.0
7421_02,True,0.8
7423_01,False,0.0
7423_02,True,1.0
7424_01,False,0.0
7426_01,True,1.0
7426_02,True,1.0
7426_03,True,1.0
7433_01,True,1.0
7434_01,False,0.0
7439_01,False,0.0
7439_02,True,1.0
7440_01,False,0.0
7441_01,True,1.0
7443_01,True,1.0
7451_01,False,0.0
7454_01,False,0.0
7463_01,False,0.0
7465_01,False,0.2581818181818182
7466_01,False,0.0
7467_01,False,0.0
7468_01,False,0.2581818181818182
7469_01,False,0.0
7470_01,True,1.0
7471_01,True,1.0
7471_02,False,0.0
7473_01,False,0.0
7473_02,False,0.0
7474_01,True,1.0
7476_01,True,1.0
7480_01,False,0.0
7482_01,True,1.0
7482_02,False,0.0
7489_01,True,0.5163636363636364
7489_02,False,0.0
7489_03,False,0.27636363636363637
7491_01,True,0.9818181818181817
7493_01,False,0.4872727272727273
7497_01,True,1.0
7511_01,True,0.9636363636363636
7516_01,True,0.5236363636363637
7519_01,False,0.0
7526_01,True,1.0
7528_01,True,1.0
7528_02,True,1.0
7528_03,False,0.0
7528_04,True,1.0
7530_01,True,1.0
7530_02,False,0.0
7530_03,False,0.0
7530_04,False,0.0
7532_01,True,1.0
7537_01,True,1.0
7539_01,True,1.0
7539_02,True,1.0
7540_01,False,0.0
7541_01,True,1.0
7541_02,True,1.0
7541_03,True,0.9636363636363636
7546_01,True,1.0
7547_01,True,1.0
7548_01,False,0.0
7551_01,True,0.8799999999999999
7554_01,True,1.0
7555_01,False,0.0
7556_01,True,1.0
7556_02,True,1.0
7556_03,False,0.0
7556_04,True,1.0
7557_01,False,0.0
7557_02,True,1.0
7557_03,True,1.0
7558_01,False,0.0
7558_02,True,1.0
7562_01,False,0.0
7564_01,False,0.0
7566_01,False,0.0
7570_01,True,1.0
7570_02,False,0.0
7571_01,False,0.0
7575_01,False,0.0
7581_01,False,0.4763636363636364
7582_01,True,0.76
7582_02,False,0.018181818181818184
7582_03,False,0.05454545454545454
7582_04,False,0.0
7582_05,True,1.0
7587_01,True,0.5054545454545455
7589_01,True,1.0
7590_01,True,1.0
7591_01,True,0.9090909090909092
7591_02,False,0.018181818181818184
7593_01,True,1.0
7597_01,True,0.5418181818181818
7597_02,True,1.0
7597_03,False,0.0
7597_04,True,0.5418181818181818
7597_05,False,0.0
7597_06,False,0.27636363636363637
7597_07,False,0.0
7600_01,True,1.0
7600_02,False,0.0
7602_01,True,1.0
7603_01,True,1.0
7607_01,False,0.0
7610_01,True,1.0
7610_02,True,1.0
7611_01,False,0.0
7611_02,False,0.0
7612_01,False,0.0
7612_02,True,1.0
7613_01,True,1.0
7615_01,False,0.0
7617_01,False,0.2581818181818182
7619_01,True,1.0
7629_01,True,1.0
7629_02,True,0.8799999999999999
7629_03,True,1.0
7636_01,False,0.0
7637_01,True,1.0
7637_02,False,0.0
7637_03,True,1.0
7638_01,True,0.7818181818181817
7642_01,True,1.0
7645_01,True,1.0
7648_01,True,1.0
7651_01,True,1.0
7653_01,False,0.0
7654_01,True,1.0
7655_01,True,1.0
7657_01,False,0.0
7658_01,True,1.0
7659_01,False,0.0
7662_01,True,1.0
7663_01,True,1.0
7664_01,False,0.0
7668_01,False,0.13818181818181818
7672_01,False,0.0
7673_01,False,0.0
7674_01,False,0.0
7675_01,False,0.0
7681_01,True,1.0
7685_01,True,1.0
7686_01,True,1.0
7695_01,False,0.0
7701_01,False,0.018181818181818184
7704_01,True,1.0
7706_01,True,1.0
7718_01,True,1.0
7722_01,False,0.0
7725_01,True,1.0
7726_01,True,0.8799999999999999
7730_01,False,0.0
7732_01,False,0.0
7733_01,False,0.0
7734_01,False,0.3672727272727273
7735_01,False,0.0
7737_01,True,0.7818181818181817
7740_01,True,1.0
7740_02,False,0.39636363636363636
7745_01,True,1.0
7750_01,False,0.0
7756_01,True,1.0
7758_01,False,0.0
7759_01,True,0.76
7762_01,False,0.0
7765_01,True,1.0
7765_02,True,1.0
7765_03,True,1.0
7766_01,False,0.0
7772_01,False,0.4872727272727273
7779_01,True,1.0
7781_01,False,0.0
7792_01,True,1.0
7792_02,True,1.0
7792_03,True,1.0
7792_04,False,0.0
7792_05,True,1.0
7794_01,False,0.0
7795_01,False,0.0
7795_02,True,0.7054545454545456
7796_01,False,0.0
7798_01,False,0.0
7798_02,True,1.0
7799_01,True,0.9636363636363636
7804_01,False,0.0
7807_01,True,1.0
7811_01,True,1.0
7814_01,False,0.0
7817_01,False,0.0
7819_01,True,1.0
7822_01,False,0.0
7823_01,True,1.0
7825_01,False,0.0
7825_02,True,1.0
7825_03,False,0.0
7826_01,True,1.0
7827_01,True,1.0
7836_01,False,0.0
7838_01,True,1.0
7844_01,False,0.0
7846_01,False,0.0
7846_02,True,1.0
7854_01,True,0.76
7855_01,False,0.0
7857_01,True,1.0
7860_01,False,0.0
7862_01,True,0.5236363636363637
7867_01,False,0.0
7869_01,False,0.0
7874_01,False,0.0
7874_02,True,0.8909090909090909
7876_01,False,0.0
7880_01,True,1.0
7880_02,False,0.0
7887_01,True,0.6618181818181819
7893_01,True,1.0
7893_02,True,1.0
7893_03,True,1.0
7893_04,True,1.0
7893_05,True,1.0
7896_01,False,0.24
7898_01,False,0.0
7900_01,False,0.0
7906_01,False,0.0
7909_01,False,0.0
7909_02,False,0.0
7911_01,True,1.0
7912_01,False,0.0
7915_01,True,0.9818181818181817
7915_02,False,0.0
7915_03,True,0.9818181818181817
7917_01,True,0.7818181818181817
7921_01,True,0.7236363636363636
7921_02,False,0.0
7923_01,False,0.13818181818181818
7925_01,True,1.0
7927_01,True,0.76
7927_02,True,1.0
7927_03,False,0.46909090909090906
7928_01,True,0.9454545454545455
7931_01,False,0.2581818181818182
7932_01,True,0.9090909090909092
7933_01,True,1.0
7934_01,True,1.0
7934_02,True,1.0
7934_03,True,1.0
7938_01,False,0.0
7942_01,False,0.0
7942_02,True,0.76
7948_01,False,0.0
7951_01,True,1.0
7953_01,False,0.0
7956_01,False,0.41454545454545455
7959_01,False,0.07272727272727274
7961_01,False,0.0
7963_01,True,1.0
7963_02,True,0.5054545454545455
7963_03,True,1.0
7964_01,True,1.0
7965_01,True,1.0
7966_01,False,0.0
7969_01,True,1.0
7971_01,True,1.0
7971_02,False,0.0
7975_01,True,1.0
7977_01,False,0.09090909090909091
7978_01,False,0.4509090909090909
7978_02,False,0.0
7979_01,False,0.0
7980_01,False,0.0
7991_01,False,0.0
7991_02,False,0.13818181818181818
7991_03,True,1.0
7991_04,True,1.0
7992_01,True,1.0
7997_01,True,1.0
7998_01,True,1.0
7998_02,True,1.0
7998_03,True,1.0
7998_04,True,1.0
8001_01,False,0.018181818181818184
8002_01,False,0.0
8008_01,False,0.0
8009_01,True,0.76
8011_01,True,1.0
8013_01,True,0.6872727272727273
8017_01,False,0.0
8022_01,True,1.0
8028_01,False,0.0
8033_01,False,0.0
8039_01,True,1.0
8039_02,True,1.0
8040_01,False,0.09090909090909091
8041_01,False,0.0
8041_02,True,1.0
8044_01,True,1.0
8045_01,False,0.4872727272727273
8047_01,True,1.0
8048_01,True,1.0
8051_01,True,1.0
8051_02,True,1.0
8061_01,True,0.9818181818181817
8061_02,True,0.76
8062_01,False,0.0
8065_01,False,0.0
8070_01,False,0.0
8073_01,True,0.56
8074_01,True,1.0
8080_01,True,1.0
8090_01,True,0.7818181818181817
8093_01,False,0.0
8095_01,False,0.0
8096_01,True,1.0
8099_01,True,1.0
8100_01,True,1.0
8101_01,True,1.0
8104_01,False,0.0
8109_01,False,0.0
8110_01,False,0.0
8111_01,True,0.56
8113_01,True,1.0
8113_02,True,1.0
8113_03,True,1.0
8113_04,False,0.0
8114_01,True,0.8799999999999999
8125_01,True,1.0
8125_02,True,1.0
8126_01,False,0.0
8127_01,True,0.8
8132_01,False,0.0
8134_01,True,1.0
8142_01,True,1.0
8145_01,True,0.9636363636363636
8146_01,True,1.0
8151_01,False,0.0
8154_01,True,0.76
8155_01,True,1.0
8160_01,False,0.0
8163_01,True,1.0
8166_01,False,0.0
8169_01,False,0.0
8170_01,True,1.0
8172_01,True,1.0
8174_01,False,0.0
8179_01,True,1.0
8180_01,False,0.0
8181_01,False,0.0
8181_02,False,0.0
8181_03,True,1.0
8183_01,False,0.0
8184_01,False,0.0
8185_01,False,0.0
8187_01,False,0.0
8188_01,False,0.0
8193_01,True,1.0
8195_01,True,1.0
8196_01,False,0.0
8196_02,True,1.0
8198_01,True,0.5418181818181818
8201_01,True,1.0
8206_01,False,0.0
8215_01,True,1.0
8223_01,True,1.0
8228_01,False,0.0
8230_01,False,0.0
8234_01,False,0.0
8236_01,True,1.0
8240_01,True,1.0
8241_01,True,1.0
8245_01,True,1.0
8245_02,True,0.5418181818181818
8246_01,False,0.09090909090909091
8249_01,False,0.0
8250_01,True,0.5418181818181818
8253_01,False,0.0
8256_01,True,1.0
8258_01,False,0.0
8262_01,True,0.9818181818181817
8263_01,False,0.0
8269_01,True,1.0
8274_01,True,0.8436363636363637
8278_01,True,1.0
8283_01,True,1.0
8284_01,True,1.0
8284_02,True,0.76
8285_01,False,0.0
8286_01,True,1.0
8290_01,True,1.0
8293_01,False,0.0
8296_01,True,1.0
8299_01,False,0.0
8304_01,False,0.0
8304_02,True,1.0
8304_03,True,0.7090909090909091
8305_01,True,1.0
8305_02,True,1.0
8305_03,True,1.0
8308_01,False,0.0
8309_01,True,0.6254545454545455
8311_01,False,0.0
8312_01,True,1.0
8325_01,True,1.0
8325_02,False,0.0
8327_01,False,0.0
8331_01,False,0.43272727272727274
8337_01,False,0.0
8340_01,False,0.0
8340_02,True,1.0
8340_03,False,0.0
8347_01,True,1.0
8349_01,False,0.0
8350_01,False,0.0
8351_01,False,0.0
8352_01,False,0.0
8353_01,False,0.0
8355_01,True,1.0
8357_01,True,1.0
8357_02,True,1.0
8358_01,False,0.0
8359_01,False,0.0
8361_01,False,0.0
8361_02,False,0.0
8361_03,True,1.0
8361_04,True,1.0
8361_05,True,1.0
8364_01,True,1.0
8367_01,False,0.12
8370_01,True,1.0
8370_02,False,0.0
8372_01,True,1.0
8385_01,True,1.0
8385_02,False,0.0
8385_03,True,1.0
8387_01,True,1.0
8389_01,True,1.0
8391_01,False,0.09090909090909091
8396_01,False,0.0
8399_01,False,0.0
8400_01,False,0.29454545454545455
8400_02,True,1.0
8400_03,False,0.0
8402_01,True,1.0
8402_02,True,1.0
8402_03,True,1.0
8408_01,True,1.0
8408_02,True,1.0
8412_01,True,0.6363636363636364
8413_01,True,1.0
8415_01,False,0.0
8417_01,True,0.76
8422_01,False,0.0
8424_01,False,0.0
8425_01,True,1.0
8425_02,True,1.0
8426_01,False,0.4872727272727273
8426_02,False,0.0
8428_01,True,1.0
8434_01,True,1.0
8435_01,False,0.0
8436_01,False,0.0
8439_01,True,0.5418181818181818
8440_01,False,0.0
8440_02,True,1.0
8440_03,True,1.0
8443_01,True,1.0
8443_02,False,0.0
8445_01,True,1.0
8445_02,True,1.0
8445_03,True,1.0
8446_01,False,0.0
8450_01,True,1.0
8450_02,False,0.0
8450_03,True,1.0
8453_01,True,0.76
8455_01,False,0.0
8461_01,False,0.3381818181818182
8464_01,False,0.0
8464_02,True,1.0
8473_01,True,0.5709090909090909
8473_02,False,0.0
8478_01,True,1.0
8478_02,False,0.0
8484_01,True,1.0
8485_01,True,1.0
8488_01,False,0.29454545454545455
8490_01,False,0.0
8496_01,False,0.0
8497_01,True,0.76
8498_01,False,0.0
8499_01,True,1.0
8501_01,True,1.0
8505_01,False,0.0
8507_01,False,0.0
8510_01,False,0.0
8510_02,True,1.0
8513_01,False,0.0
8515_01,False,0.0
8517_01,False,0.0
8517_02,True,1.0
8518_01,True,1.0
8519_01,True,1.0
8520_01,False,0.0
8520_02,True,1.0
8525_01,True,1.0
8525_02,True,1.0
8526_01,False,0.0
8526_02,True,1.0
8527_01,True,1.0
8529_01,False,0.0
8531_01,True,0.7418181818181817
8532_01,False,0.0
8533_01,True,1.0
8534_01,True,0.8618181818181818
8534_02,True,1.0
8534_03,True,1.0
8534_04,False,0.0
8538_01,False,0.0
8543_01,False,0.0
8543_02,True,0.76
8543_03,False,0.0
8543_04,False,0.0
8543_05,False,0.0
8543_06,False,0.0
8543_07,True,0.76
8543_08,False,0.0
8546_01,True,1.0
8547_01,False,0.0
8550_01,False,0.0
8553_01,False,0.0
8555_01,True,0.8618181818181818
8555_02,False,0.49818181818181817
8555_03,True,1.0
8558_01,True,1.0
8562_01,False,0.0
8563_01,False,0.0
8564_01,False,0.0
8565_01,True,1.0
8565_02,True,1.0
8565_03,False,0.0
8567_01,False,0.0
8567_02,False,0.0
8567_03,False,0.0
8568_01,True,1.0
8568_02,True,1.0
8575_01,False,0.4872727272727273
8576_01,True,1.0
8578_01,False,0.0
8579_01,True,1.0
8582_01,True,1.0
8583_01,True,1.0
8583_02,True,1.0
8590_01,False,0.0
8591_01,True,0.5890909090909091
8593_01,False,0.0
8600_01,True,1.0
8601_01,False,0.0
8608_01,True,1.0
8621_01,True,0.9818181818181817
8622_01,False,0.0
8625_01,False,0.0
8627_01,False,0.0
8630_01,True,1.0
8632_01,True,0.7418181818181817
8632_02,True,0.9818181818181817
8647_01,True,1.0
8648_01,True,0.9636363636363636
8648_02,False,0.0
8648_03,True,0.5418181818181818
8649_01,False,0.0
8651_01,False,0.0
8652_01,False,0.0
8655_01,False,0.0
8660_01,True,0.76
8662_01,False,0.13818181818181818
8665_01,True,0.5418181818181818
8666_01,True,1.0
8676_01,False,0.29454545454545455
8677_01,False,0.0
8677_02,True,1.0
8677_03,True,1.0
8678_01,True,1.0
8678_02,False,0.24
8679_01,True,0.5418181818181818
8682_01,False,0.0
8686_01,True,1.0
8689_01,True,0.8799999999999999
8690_01,False,0.0
8690_02,True,1.0
8692_01,True,1.0
8692_02,False,0.0
8692_03,True,1.0
8697_01,True,1.0
8698_01,True,1.0
8699_01,True,0.76
8702_01,False,0.27636363636363637
8705_01,True,1.0
8706_01,False,0.0
8707_01,False,0.0
8711_01,False,0.0
8713_01,False,0.0
8713_02,True,1.0
8715_01,True,0.5418181818181818
8718_01,False,0.0
8724_01,False,0.0
8725_01,True,1.0
8726_01,True,1.0
8730_01,False,0.0
8731_01,False,0.0
8737_01,True,1.0
8738_01,True,0.5418181818181818
8739_01,False,0.0
8740_01,False,0.0
8742_01,False,0.0
8745_01,False,0.0
8746_01,True,1.0
8747_01,True,1.0
8747_02,False,0.0
8748_01,False,0.0
8748_02,False,0.0
8756_01,False,0.0
8758_01,False,0.0
8758_02,True,1.0
8761_01,False,0.0
8763_01,False,0.0
8763_02,False,0.0
8763_03,True,1.0
8765_01,False,0.0
8767_01,False,0.0
8767_02,False,0.0
8768_01,False,0.4581818181818182
8768_02,True,1.0
8768_03,False,0.0
8775_01,True,1.0
8777_01,False,0.0
8778_01,True,1.0
8778_02,True,1.0
8784_01,False,0.0
8788_01,False,0.0
8792_01,False,0.0
8793_01,False,0.0
8793_02,True,1.0
8793_03,True,1.0
8793_04,False,0.0
8793_05,True,1.0
8795_01,False,0.34909090909090906
8800_01,True,1.0
8800_02,True,0.8254545454545454
8800_03,False,0.0
8800_04,True,0.6145454545454545
8800_05,True,0.9454545454545455
8803_01,True,1.0
8804_01,True,1.0
8804_02,True,1.0
8804_03,True,1.0
8804_04,False,0.0
8804_05,False,0.0
8810_01,False,0.0
8814_01,True,0.5418181818181818
8829_01,True,1.0
8832_01,False,0.0
8837_01,False,0.0
8839_01,True,1.0
8839_02,False,0.0
8846_01,False,0.0
8846_02,False,0.39636363636363636
8847_01,True,0.5418181818181818
8851_01,True,1.0
8855_01,False,0.0
8857_01,True,1.0
8859_01,False,0.0
8866_01,True,1.0
8870_01,True,1.0
8870_02,False,0.0
8873_01,True,0.9818181818181817
8873_02,False,0.0
8873_03,True,1.0
8875_01,True,1.0
8875_02,False,0.0
8875_03,True,1.0
8877_01,True,1.0
8877_02,True,1.0
8879_01,True,0.5236363636363637
8882_01,False,0.0
8887_01,True,1.0
8888_01,False,0.0
8893_01,True,1.0
8893_02,True,1.0
8895_01,True,1.0
8895_02,False,0.0
8898_01,False,0.0
8908_01,True,1.0
8909_01,False,0.0
8911_01,False,0.018181818181818184
8912_01,True,1.0
8913_01,True,0.5236363636363637
8913_02,True,1.0
8913_03,True,0.9818181818181817
8914_01,False,0.0
8915_01,False,0.0
8916_01,True,0.5418181818181818
8917_01,True,0.8799999999999999
8921_01,True,1.0
8924_01,True,1.0
8925_01,True,1.0
8925_02,True,1.0
8925_03,True,1.0
8925_04,True,1.0
8925_05,True,1.0
8925_06,False,0.0
8927_01,True,1.0
8929_01,False,0.0
8931_01,False,0.0
8933_01,False,0.0
8934_01,False,0.0
8935_01,True,0.76
8936_01,False,0.0
8943_01,False,0.0
8946_01,True,1.0
8949_01,False,0.0
8950_01,False,0.0
8951_01,False,0.0
8952_01,False,0.0
8953_01,False,0.0
8957_01,False,0.0
8958_01,True,0.5418181818181818
8960_01,True,1.0
8960_02,False,0.0
8960_03,True,1.0
8962_01,False,0.0
8963_01,True,1.0
8965_01,False,0.0
8971_01,True,1.0
8974_01,True,1.0
8979_01,False,0.4872727272727273
8980_01,False,0.0
8980_02,False,0.0
8980_03,True,1.0
8980_04,False,0.0
8980_05,False,0.0
8980_06,True,1.0
8980_07,True,1.0
8984_01,False,0.0
8990_01,True,0.5418181818181818
8991_01,False,0.13818181818181818
8994_01,False,0.0
8994_02,True,1.0
8995_01,False,0.0
9000_01,False,0.0
9002_01,False,0.0
9005_01,True,0.8799999999999999
9016_01,False,0.0
9016_02,False,0.0
9016_03,False,0.0
9016_04,True,1.0
9016_05,False,0.0
9017_01,True,0.8799999999999999
9022_01,False,0.0
9022_02,True,1.0
9022_03,True,1.0
9025_01,False,0.0
9025_02,True,1.0
9027_01,False,0.0
9033_01,True,0.76
9039_01,True,1.0
9040_01,False,0.0
9044_01,False,0.0
9045_01,False,0.0
9045_02,False,0.0
9047_01,False,0.49454545454545457
9050_01,True,0.5418181818181818
9051_01,False,0.0
9053_01,True,1.0
9053_02,True,1.0
9054_01,True,1.0
9055_01,False,0.0
9056_01,False,0.0
9058_01,False,0.0
9062_01,False,0.0
9062_02,True,1.0
9063_01,True,1.0
9065_01,True,1.0
9067_01,False,0.0
9067_02,True,1.0
9070_01,False,0.0
9070_02,True,0.8799999999999999
9082_01,False,0.0
9083_01,True,1.0
9083_02,False,0.2109090909090909
9086_01,True,1.0
9086_02,True,0.5236363636363637
9087_01,False,0.0
9088_01,True,1.0
9090_01,False,0.0
9091_01,True,1.0
9092_01,False,0.0
9093_01,False,0.0
9095_01,False,0.0
9096_01,True,0.76
9096_02,True,0.8799999999999999
9100_01,False,0.0
9102_01,True,1.0
9105_01,True,0.5418181818181818
9109_01,True,0.5418181818181818
9113_01,True,1.0
9117_01,False,0.0
9121_01,True,1.0
9123_01,True,1.0
9133_01,False,0.4872727272727273
9135_01,False,0.0
9138_01,False,0.0
9143_01,False,0.0
9143_02,False,0.0
9143_03,False,0.0
9146_01,False,0.0
9146_02,False,0.0
9146_03,True,1.0
9147_01,True,0.5236363636363637
9153_01,False,0.0
9154_01,True,0.8799999999999999
9155_01,False,0.0
9155_02,False,0.0
9155_03,True,1.0
9155_04,True,1.0
9162_01,True,1.0
9162_02,False,0.0
9162_03,False,0.0
9166_01,True,1.0
9171_01,True,1.0
9177_01,True,1.0
9177_02,True,1.0
9182_01,False,0.0
9187_01,False,0.018181818181818184
9187_02,False,0.0
9191_01,True,0.76
9198_01,False,0.0
9200_01,False,0.0
9204_01,False,0.0
9206_01,True,1.0
9206_02,False,0.0
9206_03,True,1.0
9207_01,True,1.0
9209_01,True,0.6072727272727273
9210_01,False,0.0
9212_01,False,0.0
9212_02,True,0.7418181818181817
9214_01,False,0.0
9215_01,True,1.0
9216_01,False,0.0
9223_01,True,1.0
9223_02,True,1.0
9228_01,False,0.0
9229_01,True,0.8799999999999999
9232_01,False,0.0
9236_01,True,1.0
9238_01,False,0.0
9238_02,True,1.0
9238_03,False,0.43272727272727274
9238_04,False,0.0
9238_05,True,1.0
9238_06,True,1.0
9238_07,False,0.2581818181818182
9240_01,False,0.0
9243_01,True,1.0
9245_01,False,0.0
9249_01,False,0.24
9255_01,True,1.0
9258_01,True,1.0
9260_01,True,1.0
9262_01,True,0.76
9263_01,True,0.8799999999999999
9265_01,True,1.0
9266_01,True,0.76
9266_02,True,1.0
9269_01,False,0.0
9271_01,True,1.0
9273_01,True,1.0
9277_01,True,0.76
